ts,created_at,PKB,Gerindra,PDI-P,Golkar,Nasdem,Partai Buruh,Gelora,PKS,PKN,Hanura,Garuda,PAN,PBB,Demokrat,PSI,Perindo,PPP,Partai Ummat
2024-02-25 22:07:06,2024-02-25T16:06:34Z,11794,39018,32658,18832,22468,2542,3439,32544,3793,3135,1350,44054,1141,19901,5915,6546,4971,510
2024-02-25 23:07:04,2024-02-25T17:05:52Z,11794,39018,32658,18832,22468,2542,3439,32544,3793,3135,1350,44054,1141,19901,5915,6546,4971,510
2024-02-26 00:07:05,2024-02-25T18:05:47Z,11794,39018,32658,18832,22468,2542,3439,32544,3793,3135,1350,44054,1141,19901,5991,6546,4971,510
2024-02-26 01:07:03,2024-02-25T19:05:50Z,11808,39025,32662,18836,22497,2549,3440,32581,3793,3137,1351,44075,1143,19902,5993,6546,4972,510
2024-02-26 02:07:02,2024-02-25T20:05:34Z,11808,39025,32662,18836,22497,2549,3440,32581,3793,3137,1351,44075,1143,19902,5993,6546,4972,510
2024-02-26 03:07:03,2024-02-25T21:05:35Z,11808,39025,32662,18836,22497,2549,3440,32581,3793,3137,1351,44075,1143,19902,5993,6546,4972,510
2024-02-26 04:07:29,2024-02-25T22:05:44Z,11808,39025,32662,18836,22497,2549,3440,32581,3793,3137,1351,44075,1143,19902,5993,6546,4972,510
2024-02-26 05:07:04,2024-02-25T23:05:52Z,11808,39025,32662,18836,22497,2549,3440,32581,3793,3137,1351,44075,1143,19902,5993,6546,4972,510
2024-02-26 06:07:03,2024-02-26T00:21:11Z,11808,39025,32662,18836,22497,2549,3440,32581,3793,3137,1351,44075,1143,19902,5993,6546,4972,510
2024-02-26 07:07:03,2024-02-26T01:27:16Z,11822,39052,32683,18842,22501,2549,3441,32582,3795,3137,1351,44128,1143,19929,5993,6548,4972,510
2024-02-26 08:07:03,2024-02-26T02:12:19Z,11822,39052,32683,18842,22501,2549,3441,32582,3795,3137,1351,44128,1143,19929,5993,6548,4972,510
2024-02-26 09:07:03,2024-02-26T03:06:26Z,11825,39072,32686,18848,22562,2554,3443,32695,3797,3143,1353,44208,1146,19963,5997,6548,4989,511
2024-02-26 10:07:15,2024-02-26T04:06:03Z,11833,39155,32710,18885,22622,2556,3446,32843,3801,3149,1356,44279,1152,19986,6004,6552,4994,511
2024-02-26 11:07:10,2024-02-26T05:06:08Z,11860,39257,32729,18831,22781,2566,3471,33082,3808,3160,1363,44638,1154,19991,6068,6559,5008,515
2024-02-26 12:07:11,2024-02-26T06:06:48Z,11863,39259,32731,18877,22793,2566,3478,33123,3808,3162,1363,44670,1155,19996,6068,6559,5010,516
2024-02-26 13:07:16,2024-02-26T07:06:18Z,11882,39325,32772,18904,22877,2571,3482,33203,3817,3166,1405,44785,1160,20076,6069,6564,5025,516
2024-02-26 14:07:09,2024-02-26T08:06:49Z,11882,39513,32791,18907,22887,2573,3484,33207,3823,3170,1406,44790,1160,20134,6077,6566,5025,516
2024-02-26 15:07:08,2024-02-26T09:06:01Z,11889,39521,32792,18958,22950,2573,3485,33270,3824,3172,1757,45070,1161,20134,6077,6568,5028,516
2024-02-26 16:07:21,2024-02-26T10:06:11Z,11919,39526,32997,19117,22965,2578,3495,33363,3822,3180,1407,45134,1164,20147,6077,6576,5040,525
2024-02-26 17:07:17,2024-02-26T11:05:35Z,11937,39673,33017,19158,22979,2595,3497,33403,3882,3190,1409,45432,1167,20199,6170,6597,5041,526
2024-02-26 18:07:10,2024-02-26T12:07:54Z,11950,39775,33053,19280,23052,2605,3503,33522,3882,3191,1412,45532,1161,20216,6436,6596,5046,527
2024-02-26 19:07:11,2024-02-26T13:05:51Z,11961,39884,33137,19343,23128,2606,3505,33636,3897,3193,1413,45658,1168,20237,6439,6601,5048,528
2024-02-26 20:07:14,2024-02-26T14:06:04Z,11978,39887,33142,19366,23161,2607,3534,33724,3899,3215,1416,45718,1171,20261,6441,6603,5054,528
2024-02-26 21:07:14,2024-02-26T15:06:08Z,12010,39906,33148,19455,23271,2613,3543,33920,3900,3223,2195,45906,1180,20271,6449,6603,5072,528
2024-02-26 22:07:12,2024-02-26T16:06:24Z,12069,39963,33170,19498,23332,2615,3544,33971,3927,3227,2196,46124,1177,20280,6453,6605,5082,528
2024-02-26 23:07:11,2024-02-26T17:05:57Z,12074,39968,33175,19503,23382,2621,3624,34021,4007,3227,2200,46168,1263,20282,6535,6609,5166,528
2024-02-27 00:07:11,2024-02-26T18:06:13Z,12074,39968,33175,19503,23382,2621,3624,34021,4007,3227,2200,46168,1263,20282,6535,6609,5166,528
2024-02-27 01:07:08,2024-02-26T19:05:55Z,12074,39968,33175,19503,23382,2621,3624,34021,4007,3227,2200,46168,1263,20282,6535,6609,5166,528
2024-02-27 02:07:09,2024-02-26T20:06:02Z,12074,39968,33175,19503,23382,2621,3624,34021,4007,3227,2200,46168,1263,20282,6535,6609,5166,528
2024-02-27 03:07:06,2024-02-26T21:06:03Z,12074,39968,33175,19503,23382,2621,3624,34021,4007,3227,2200,46168,1263,20282,6535,6609,5166,528
2024-02-27 04:07:09,2024-02-26T22:06:49Z,12074,39968,33175,19503,23382,2621,3624,34021,4007,3227,2200,46168,1263,20282,6535,6609,5166,528
2024-02-27 05:07:07,2024-02-26T23:06:09Z,12074,39968,33175,19503,23382,2621,3624,34021,4007,3227,2200,46168,1263,20282,6535,6609,5166,528
2024-02-27 07:07:06,2024-02-27T00:20:12Z,12074,39968,33175,19503,23382,2621,3624,34021,4007,3227,2200,46168,1263,20282,6535,6609,5166,528
2024-02-27 08:07:07,2024-02-27T01:25:16Z,12074,39968,33175,19503,23382,2621,3624,34021,4007,3227,2200,46168,1263,20282,6535,6609,5166,528
2024-02-27 09:07:08,2024-02-27T02:09:55Z,12065,39959,33167,19491,23290,2610,3542,33924,3927,3222,1419,46050,1175,20278,6447,6605,5074,528
2024-02-27 09:07:08,2024-02-27T03:05:50Z,12065,39959,33167,19491,23290,2610,3542,33924,3927,3222,1419,46050,1175,20278,6447,6605,5074,528
2024-02-27 10:07:09,2024-02-27T04:06:44Z,12065,39959,33167,19491,23290,2610,3542,33924,3927,3222,1419,46050,1175,20278,6447,6605,5074,528
2024-02-27 11:07:10,2024-02-27T05:06:51Z,12098,39964,33161,19488,23393,2613,3567,33959,3927,3222,1422,46141,1181,20284,6447,6608,5081,532
2024-02-27 12:07:10,2024-02-27T06:06:32Z,12124,40072,33215,19513,23480,2615,3567,34093,3929,3225,1425,46269,1181,20312,6450,6613,5084,532
2024-02-27 13:07:10,2024-02-27T07:06:22Z,12276,40098,34027,19755,23656,2618,3570,34294,3930,3236,1427,46509,1183,20335,6454,6618,5093,535
2024-02-27 14:07:11,2024-02-27T08:06:31Z,12286,40126,34040,19787,23808,2619,3573,34436,3931,3238,1429,46753,1183,20352,6457,6629,5124,536
2024-02-27 15:07:21,2024-02-27T09:05:46Z,13081,40204,33290,19832,23811,2620,3573,34418,4017,3237,1430,46731,2071,20368,6460,6632,5205,534
2024-02-27 16:07:17,2024-02-27T10:06:21Z,13197,40204,34065,19770,24131,2621,3574,34429,4017,3244,1430,47075,2070,20369,6459,6629,5208,538
2024-02-27 17:07:19,2024-02-27T11:05:40Z,13233,40187,34182,19778,24119,2622,3576,34437,4018,3246,1430,47091,2070,20384,6447,6636,5208,538
2024-02-27 18:07:11,2024-02-27T12:07:29Z,13233,40187,34182,19778,24119,2622,3576,34437,4018,3246,1430,47091,2070,20384,6447,6636,5208,538
2024-02-27 19:07:12,2024-02-27T13:05:33Z,12272,40178,33408,19797,23750,2621,3574,34411,3937,3239,1427,46680,1182,20383,6442,6636,5121,535
2024-02-27 20:07:12,2024-02-27T14:05:54Z,12074,40065,33276,19660,23576,2448,3480,34110,3838,3142,1213,46526,1092,20234,6182,6493,4909,447
2024-02-27 21:07:21,2024-02-27T15:05:47Z,12081,40077,33278,19676,23603,2449,3481,34144,3838,3143,1213,46550,1092,20236,6182,6495,4921,447
2024-02-27 22:07:15,2024-02-27T16:06:04Z,12091,40215,33318,19806,23701,2453,3486,34269,3844,3152,1217,46790,1102,20321,6204,6502,4927,447
2024-02-27 23:07:11,2024-02-27T17:06:35Z,12155,40341,33364,19898,23785,2456,3492,34483,3847,3153,1220,47016,1102,20367,6214,6513,4932,448
2024-02-28 00:07:10,2024-02-27T18:06:47Z,12155,40341,33364,19898,23785,2456,3492,34483,3847,3153,1220,47016,1102,20367,6214,6513,4932,448
2024-02-28 01:07:10,2024-02-27T19:05:48Z,12162,40346,33367,19900,23866,2461,3493,34502,3847,3158,1217,47074,1104,20365,6215,6513,4940,448
2024-02-28 02:07:11,2024-02-27T20:06:06Z,12162,40346,33367,19900,23866,2461,3493,34502,3847,3158,1217,47074,1104,20365,6215,6513,4940,448
2024-02-28 03:07:08,2024-02-27T21:05:30Z,12162,40346,33367,19900,23866,2461,3493,34502,3847,3158,1217,47074,1104,20365,6215,6513,4940,448
2024-02-28 04:07:09,2024-02-27T22:05:59Z,12162,40346,33367,19900,23866,2461,3493,34502,3847,3158,1217,47074,1104,20365,6215,6513,4940,448
2024-02-28 05:07:10,2024-02-27T23:05:55Z,12162,40346,33367,19900,23866,2461,3493,34502,3847,3158,1217,47074,1104,20365,6215,6513,4940,448
2024-02-28 06:07:10,2024-02-28T00:19:26Z,12162,40346,33367,19900,23866,2461,3493,34502,3847,3158,1217,47074,1104,20365,6215,6513,4940,448
2024-02-28 07:07:11,2024-02-28T01:25:48Z,12162,40346,33367,19900,23866,2461,3493,34502,3847,3158,1217,47074,1104,20365,6215,6513,4940,448
2024-02-28 08:07:09,2024-02-28T02:10:45Z,12162,40346,33367,19900,23866,2461,3493,34502,3847,3158,1217,47074,1104,20365,6215,6513,4940,448
2024-02-28 09:07:34,2024-02-28T03:05:55Z,12164,40351,33367,19908,23874,2461,3493,34559,3847,3161,1217,47195,1105,20365,6215,6514,4946,448
2024-02-28 10:07:12,2024-02-28T04:06:56Z,12208,40367,33372,19921,23890,2465,3494,34693,3847,3161,1217,47327,1105,20371,6216,6514,4948,450
2024-02-28 11:07:13,2024-02-28T05:05:58Z,12337,40389,33533,19940,23981,2466,3501,34829,3848,3167,1218,47534,1106,20382,6218,6517,4955,452
2024-02-28 12:07:12,2024-02-28T06:06:22Z,12337,40389,33533,19940,23981,2466,3501,34829,3848,3167,1218,47534,1106,20382,6218,6517,4955,452
2024-02-28 13:07:12,2024-02-28T07:05:48Z,12339,40392,33533,20012,23997,2466,3502,34840,3848,3167,1221,47564,1107,20383,6218,6517,4955,452
2024-02-28 14:07:14,2024-02-28T08:06:54Z,12339,40392,33533,20012,23997,2466,3502,34840,3848,3167,1221,47564,1107,20383,6218,6517,4955,452
2024-02-28 15:07:13,2024-02-28T09:06:01Z,12343,40395,33533,20058,24011,2466,3502,34888,3851,3167,1221,47604,1107,20386,6220,6518,4955,452
2024-02-28 16:07:13,2024-02-28T10:05:45Z,12349,40406,33537,20094,24031,2466,3503,34930,3851,3168,1221,47653,1107,20386,6224,6518,4956,452
2024-02-28 17:07:12,2024-02-28T11:05:50Z,12349,40406,33537,20094,24031,2466,3503,34930,3851,3168,1221,47653,1107,20386,6224,6518,4956,452
2024-02-28 18:07:22,2024-02-28T12:07:55Z,12349,40406,33537,20094,24031,2466,3503,34930,3851,3168,1221,47653,1107,20386,6224,6518,4956,452
2024-02-28 19:07:13,2024-02-28T13:05:39Z,12349,40406,33537,20094,24031,2466,3503,34930,3851,3168,1221,47653,1107,20386,6224,6518,4956,452
2024-02-28 20:07:12,2024-02-28T14:05:39Z,12360,40461,33588,20149,24080,2466,3527,35017,3852,3181,1222,47725,1114,20409,6233,6527,4965,452
2024-02-28 21:07:12,2024-02-28T15:06:06Z,12364,40506,33612,20152,24110,2466,3530,35017,3853,3184,1222,47739,1114,20468,6233,6527,4965,452
2024-02-28 22:07:13,2024-02-28T16:06:02Z,12364,40506,33612,20152,24110,2466,3530,35017,3853,3184,1222,47739,1114,20468,6233,6527,4965,452
2024-02-28 23:07:14,2024-02-28T17:05:52Z,12364,40506,33612,20152,24110,2466,3530,35017,3853,3184,1222,47739,1114,20468,6233,6527,4965,452
2024-02-29 00:07:31,2024-02-28T18:05:57Z,12392,40515,33623,20159,24133,2468,3530,35037,3869,3187,1223,47796,1114,20494,6233,6535,4965,452
2024-02-29 01:07:10,2024-02-28T19:05:41Z,12399,40522,33625,20176,24155,2468,3530,35122,3870,3188,1224,47829,1115,20498,6236,6535,4969,452
2024-02-29 02:07:13,2024-02-28T20:06:20Z,12399,40522,33625,20176,24155,2468,3530,35122,3870,3188,1224,47829,1115,20498,6236,6535,4969,452
2024-02-29 03:07:37,2024-02-28T21:05:56Z,12399,40522,33625,20176,24155,2468,3530,35122,3870,3188,1224,47829,1115,20498,6236,6535,4969,452
2024-02-29 04:07:12,2024-02-28T22:05:46Z,12399,40522,33625,20176,24155,2468,3530,35122,3870,3188,1224,47829,1115,20498,6236,6535,4969,452
2024-02-29 05:07:12,2024-02-28T23:06:34Z,12399,40522,33625,20176,24155,2468,3530,35122,3870,3188,1224,47829,1115,20498,6236,6535,4969,452
2024-02-29 06:07:13,2024-02-29T00:20:10Z,12399,40522,33625,20176,24155,2468,3530,35122,3870,3188,1224,47829,1115,20498,6236,6535,4969,452
2024-02-29 07:07:11,2024-02-29T01:25:39Z,12399,40522,33625,20176,24155,2468,3530,35122,3870,3188,1224,47829,1115,20498,6236,6535,4969,452
2024-02-29 08:07:12,2024-02-29T02:09:35Z,12399,40522,33625,20176,24155,2468,3530,35122,3870,3188,1224,47829,1115,20498,6236,6535,4969,452
2024-02-29 09:07:11,2024-02-29T03:05:59Z,12399,40522,33625,20176,24155,2468,3530,35122,3870,3188,1224,47829,1115,20498,6236,6535,4969,452
2024-02-29 10:07:12,2024-02-29T04:06:44Z,12399,40522,33625,20176,24155,2468,3530,35122,3870,3188,1224,47829,1115,20498,6236,6535,4969,452
2024-02-29 11:07:13,2024-02-29T05:07:06Z,12399,40522,33625,20176,24155,2468,3530,35122,3870,3188,1224,47829,1115,20498,6236,6535,4969,452
2024-02-29 12:07:13,2024-02-29T06:07:18Z,12402,40530,33626,20209,24171,2468,3533,35193,3871,3189,1225,47857,1116,20499,6236,6535,4972,452
2024-02-29 13:07:14,2024-02-29T07:06:39Z,12402,40530,33626,20209,24171,2468,3533,35193,3871,3189,1225,47857,1116,20499,6236,6535,4972,452
2024-02-29 14:07:14,2024-02-29T08:06:32Z,12402,40530,33626,20209,24171,2468,3533,35193,3871,3189,1225,47857,1116,20499,6236,6535,4972,452
2024-02-29 15:07:13,2024-02-29T09:06:39Z,12402,40530,33626,20209,24171,2468,3533,35193,3871,3189,1225,47857,1116,20499,6236,6535,4972,452
2024-02-29 16:07:13,2024-02-29T10:05:53Z,12399,40523,33575,20206,24077,2468,3530,35187,3870,3188,1224,47846,1116,20490,6232,6533,4972,452
2024-02-29 17:07:14,2024-02-29T11:05:38Z,12401,40534,33576,20243,24086,2468,3530,35232,3872,3189,1225,47891,1117,20490,6233,6533,4973,452
2024-02-29 18:07:15,2024-02-29T12:08:22Z,12402,40578,33624,20248,24106,2468,3530,35241,3875,3190,1226,47905,1117,20521,6237,6535,4974,452
2024-02-29 19:07:13,2024-02-29T13:05:47Z,12408,40623,33701,20249,24118,2469,3532,35241,3877,3198,1226,47910,1118,20553,6237,6537,4974,452
2024-02-29 20:07:13,2024-02-29T14:07:01Z,12408,40623,33701,20249,24118,2469,3532,35241,3877,3198,1226,47910,1118,20553,6237,6537,4974,452
2024-02-29 21:07:18,2024-02-29T15:05:44Z,12410,40624,33701,20319,24129,2469,3532,35258,3877,3198,1226,47969,1118,20554,6238,6538,4975,452
2024-02-29 22:07:13,2024-02-29T16:05:57Z,12422,40676,33714,20329,24168,2471,3535,35317,3879,3201,1226,48033,1120,20561,6240,6543,4989,452
2024-02-29 23:07:13,2024-02-29T17:05:31Z,12422,40676,33714,20329,24168,2471,3535,35317,3879,3201,1226,48033,1120,20561,6240,6543,4989,452
2024-03-01 00:07:12,2024-02-29T18:06:53Z,12422,40676,33714,20329,24168,2471,3535,35317,3879,3201,1226,48033,1120,20561,6240,6543,4989,452
2024-03-01 01:07:12,2024-02-29T19:05:22Z,12422,40676,33714,20329,24168,2471,3535,35317,3879,3201,1226,48033,1120,20561,6240,6543,4989,452
2024-03-01 02:07:14,2024-02-29T20:07:03Z,12422,40676,33714,20329,24168,2471,3535,35317,3879,3201,1226,48033,1120,20561,6240,6543,4989,452
2024-03-01 03:07:12,2024-02-29T21:06:41Z,12422,40676,33714,20329,24168,2471,3535,35317,3879,3201,1226,48033,1120,20561,6240,6543,4989,452
2024-03-01 04:07:12,2024-02-29T22:05:33Z,12422,40676,33714,20329,24168,2471,3535,35317,3879,3201,1226,48033,1120,20561,6240,6543,4989,452
2024-03-01 05:07:12,2024-02-29T23:05:50Z,12422,40676,33714,20329,24168,2471,3535,35317,3879,3201,1226,48033,1120,20561,6240,6543,4989,452
2024-03-01 06:07:14,2024-03-01T00:23:19Z,12422,40676,33714,20329,24168,2471,3535,35317,3879,3201,1226,48033,1120,20561,6240,6543,4989,452
2024-03-01 07:07:11,2024-03-01T01:29:51Z,12422,40676,33714,20329,24168,2471,3535,35317,3879,3201,1226,48033,1120,20561,6240,6543,4989,452
2024-03-01 08:07:11,2024-03-01T02:13:44Z,12422,40676,33714,20329,24168,2471,3535,35317,3879,3201,1226,48033,1120,20561,6240,6543,4989,452
2024-03-01 09:07:12,2024-03-01T03:07:38Z,12422,40676,33714,20329,24168,2471,3535,35317,3879,3201,1226,48033,1120,20561,6240,6543,4989,452
2024-03-01 10:07:12,2024-03-01T04:07:05Z,12422,40676,33714,20329,24168,2471,3535,35317,3879,3201,1226,48033,1120,20561,6240,6543,4989,452
2024-03-01 11:07:13,2024-03-01T05:06:06Z,12422,40676,33714,20329,24168,2471,3535,35317,3879,3201,1226,48033,1120,20561,6240,6543,4989,452
2024-03-01 12:07:11,2024-03-01T06:06:47Z,12422,40676,33714,20329,24168,2471,3535,35317,3879,3201,1226,48033,1120,20561,6240,6543,4989,452
2024-03-01 13:07:15,2024-03-01T07:05:47Z,12423,40680,33716,20334,24208,2471,3535,35443,3880,3202,1226,48077,1121,20562,6242,6544,4993,453
2024-03-01 14:07:14,2024-03-01T08:06:28Z,12448,40811,33944,20375,24327,2478,3540,35514,3892,3205,1227,48124,1121,20610,6249,6553,4994,453
2024-03-01 15:07:13,2024-03-01T09:06:37Z,12448,40811,33944,20375,24327,2478,3540,35514,3892,3205,1227,48124,1121,20610,6249,6553,4994,453
2024-03-01 16:07:14,2024-03-01T10:06:07Z,12453,40891,33955,20405,24329,2480,3541,35517,3892,3205,1230,48144,1121,20646,6252,6559,4995,453
2024-03-01 17:07:29,2024-03-01T11:05:35Z,12459,40942,33965,20465,24346,2482,3543,35573,3892,3207,1234,48184,1121,20677,6257,6567,4997,453
2024-03-01 18:07:15,2024-03-01T12:07:37Z,12465,41004,34004,20478,24357,2483,3543,35579,3895,3208,1234,48197,1121,20738,6259,6575,4997,453
2024-03-01 19:07:14,2024-03-01T13:05:31Z,12477,41120,34049,20586,24427,2484,3545,35770,3910,3214,1236,48282,1123,20858,6263,6585,5001,458
2024-03-01 20:07:13,2024-03-01T14:05:44Z,12506,41207,34093,20615,24428,2485,3546,35788,3914,3214,1237,48292,1123,20859,6269,6587,5001,458
2024-03-01 21:07:12,2024-03-01T15:06:00Z,12506,41207,34093,20615,24428,2485,3546,35788,3914,3214,1237,48292,1123,20859,6269,6587,5001,458
2024-03-01 22:07:16,2024-03-01T16:06:09Z,12506,41207,34093,20615,24428,2485,3546,35788,3914,3214,1237,48292,1123,20859,6269,6587,5001,458
2024-03-01 23:07:14,2024-03-01T17:10:03Z,12514,41223,34104,20622,24481,2492,3549,35961,3915,3217,1237,48343,1125,20897,6273,6590,5005,458
2024-03-01 23:07:14,2024-03-01T17:13:44Z,12514,41223,34104,20622,24481,2492,3549,35961,3915,3217,1237,48343,1125,20897,6273,6590,5005,458
2024-03-02 00:07:14,2024-03-01T18:06:03Z,12514,41223,34104,20622,24481,2492,3549,35961,3915,3217,1237,48343,1125,20897,6273,6590,5005,458
2024-03-02 01:07:13,2024-03-01T19:05:55Z,12514,41223,34104,20622,24481,2492,3549,35961,3915,3217,1237,48343,1125,20897,6273,6590,5005,458
2024-03-02 02:07:14,2024-03-01T20:06:09Z,12514,41223,34104,20622,24481,2492,3549,35961,3915,3217,1237,48343,1125,20897,6273,6590,5005,458
2024-03-02 03:07:14,2024-03-01T21:06:09Z,12514,41223,34104,20622,24481,2492,3549,35961,3915,3217,1237,48343,1125,20897,6273,6590,5005,458
2024-03-02 04:07:14,2024-03-01T22:05:43Z,12514,41223,34104,20622,24481,2492,3549,35961,3915,3217,1237,48343,1125,20897,6273,6590,5005,458
2024-03-02 05:07:20,2024-03-01T23:05:45Z,12514,41223,34104,20622,24481,2492,3549,35961,3915,3217,1237,48343,1125,20897,6273,6590,5005,458
2024-03-02 06:07:12,2024-03-02T00:19:08Z,12514,41223,34104,20622,24481,2492,3549,35961,3915,3217,1237,48343,1125,20897,6273,6590,5005,458
2024-03-02 07:07:12,2024-03-02T01:24:29Z,12514,41223,34104,20622,24481,2492,3549,35961,3915,3217,1237,48343,1125,20897,6273,6590,5005,458
2024-03-02 08:07:12,2024-03-02T02:08:49Z,12514,41223,34104,20622,24481,2492,3549,35961,3915,3217,1237,48343,1125,20897,6273,6590,5005,458
2024-03-02 09:07:13,2024-03-02T03:06:11Z,12514,41223,34104,20622,24481,2492,3549,35961,3915,3217,1237,48343,1125,20897,6273,6590,5005,458
2024-03-02 10:07:14,2024-03-02T04:06:22Z,12540,41265,34106,20676,24597,2493,3558,36215,3915,3223,1238,48473,1127,20929,6276,6593,5008,458
2024-03-02 11:07:13,2024-03-02T05:06:03Z,12561,41293,34122,20713,24729,2495,3560,36367,3916,3230,1238,48708,1130,20947,6276,6597,5018,461
2024-03-02 12:07:12,2024-03-02T06:07:08Z,12563,41355,34136,20727,24766,2496,3562,36372,3918,3231,1238,48732,1130,20969,6276,6602,5018,461
2024-03-02 13:07:12,2024-03-02T07:05:45Z,12576,41367,34140,20761,24798,2496,3562,36526,3918,3234,1239,48970,1133,20985,6277,6602,5021,462
2024-03-02 14:07:15,2024-03-02T08:05:49Z,12620,41400,34151,20782,24910,2497,3565,36721,3922,3240,1241,49092,1137,21007,6280,6606,5029,462
2024-03-02 15:07:15,2024-03-02T09:05:47Z,12620,41400,34151,20820,24944,2497,3572,36846,3922,3240,1242,49128,1137,21011,6282,6606,5030,462
2024-03-02 16:07:15,2024-03-02T10:06:00Z,12659,41460,34168,20857,25033,2502,3572,37056,3929,3248,1243,49394,1141,21034,6286,6608,5038,463
2024-03-02 17:07:14,2024-03-02T11:05:40Z,12700,41588,34236,20886,25124,2502,3574,37252,3938,3259,1245,49538,1143,21126,6287,6611,5048,463
2024-03-02 18:07:14,2024-03-02T12:06:43Z,12700,41588,34236,20886,25124,2502,3574,37184,3938,3259,1246,49563,1143,21126,6287,6611,5048,463
2024-03-02 19:07:12,2024-03-02T13:05:27Z,12705,41597,34237,20887,25204,2502,3575,37243,3938,3261,1246,49571,1143,21137,6287,6612,5048,463
2024-03-02 20:07:14,2024-03-02T14:05:33Z,12711,41617,34245,20901,25228,2503,3578,37297,3943,3262,1246,49593,1143,21198,6287,6613,5049,463
2024-03-02 21:07:17,2024-03-02T15:05:41Z,12724,41718,34334,20914,25322,2504,3580,37432,3944,3273,1249,49690,1143,21244,6291,6624,5053,464
2024-03-02 22:07:13,2024-03-02T16:06:41Z,12744,41768,34430,20993,25346,2506,3581,37503,3948,3277,1249,49795,1143,21279,6292,6625,5055,464
2024-03-02 23:07:13,2024-03-02T17:05:41Z,12762,41856,34462,21002,25466,2509,3581,37626,3949,3281,1250,49880,1143,21317,6304,6629,5056,464
2024-03-03 00:07:11,2024-03-02T18:06:53Z,12762,41856,34462,21002,25466,2509,3581,37626,3949,3281,1250,49880,1143,21317,6304,6629,5056,464
2024-03-03 01:07:13,2024-03-02T19:05:26Z,12766,41859,34467,21003,25487,2510,3583,37643,3949,3283,1250,49965,1144,21317,6307,6631,5057,464
2024-03-03 02:07:14,2024-03-02T20:05:32Z,12766,41859,34467,21003,25487,2510,3583,37643,3949,3283,1250,49965,1144,21317,6307,6631,5057,464
2024-03-03 03:07:12,2024-03-02T21:05:26Z,12766,41859,34467,21003,25487,2510,3583,37643,3949,3283,1250,49965,1144,21317,6307,6631,5057,464
2024-03-03 04:07:12,2024-03-02T22:05:36Z,12766,41859,34467,21003,25487,2510,3583,37643,3949,3283,1250,49965,1144,21317,6307,6631,5057,464
2024-03-03 05:07:13,2024-03-02T23:05:58Z,12766,41859,34467,21003,25487,2510,3583,37643,3949,3283,1250,49965,1144,21317,6307,6631,5057,464
2024-03-03 06:07:46,2024-03-03T00:21:51Z,12766,41859,34467,21003,25487,2510,3583,37643,3949,3283,1250,49965,1144,21317,6307,6631,5057,464
2024-03-03 07:07:13,2024-03-03T01:28:10Z,12766,41859,34467,21003,25487,2510,3583,37643,3949,3283,1250,49965,1144,21317,6307,6631,5057,464
2024-03-03 08:07:14,2024-03-03T02:12:13Z,12766,41859,34467,21003,25487,2510,3583,37643,3949,3283,1250,49965,1144,21317,6307,6631,5057,464
2024-03-03 09:07:11,2024-03-03T03:05:59Z,12766,41859,34467,21003,25487,2510,3583,37643,3949,3283,1250,49965,1144,21317,6307,6631,5057,464
2024-03-03 10:07:14,2024-03-03T04:06:19Z,12766,41859,34467,21003,25487,2510,3583,37643,3949,3283,1250,49965,1144,21317,6307,6631,5057,464
2024-03-03 11:07:12,2024-03-03T05:05:57Z,12771,41884,34467,21006,25493,2511,3583,37707,3949,3285,1250,50102,1145,21320,6308,6631,5058,464
2024-03-03 12:07:13,2024-03-03T06:07:03Z,12773,41897,34473,21015,25535,2511,3585,37751,3949,3294,1250,50209,1146,21321,6308,6632,5059,464
2024-03-03 13:07:13,2024-03-03T07:05:37Z,12777,41970,34492,21023,25548,2512,3586,37820,3956,3296,1250,50364,1147,21344,6312,6636,5060,464
2024-03-03 14:07:14,2024-03-03T08:07:01Z,12794,42097,34534,21104,25709,2516,3591,37969,3962,3300,1254,50450,1150,21422,6330,6640,5063,464
2024-03-03 15:07:12,2024-03-03T09:06:00Z,12797,42123,34535,21108,25716,2516,3591,38018,3971,3300,1254,50593,1151,21430,6330,6640,5067,464
2024-03-03 16:07:13,2024-03-03T10:05:54Z,12812,42332,34621,21158,25795,2526,3598,38159,3977,3307,1256,50818,1151,21472,6345,6653,5083,464
2024-03-03 17:07:30,2024-03-03T11:05:33Z,12816,42391,34646,21275,25808,2533,3599,38216,3977,3309,1257,50917,1151,21504,6349,6658,5083,465
2024-03-03 18:07:12,2024-03-03T12:07:52Z,12817,42446,34686,21279,25840,2537,3599,38228,3978,3310,1257,50919,1151,21511,6350,6659,5083,465
2024-03-03 19:07:13,2024-03-03T13:05:43Z,12820,42510,34699,21316,25850,2538,3599,38302,3979,3317,1259,50977,1152,21589,6356,6666,5093,466
2024-03-03 20:07:13,2024-03-03T14:06:07Z,12820,42530,34700,21437,25856,2539,3599,38339,3979,3318,1259,51041,1152,21592,6356,6667,5093,466
2024-03-03 21:07:20,2024-03-03T15:05:47Z,12837,42538,34718,21444,25864,2540,3605,38515,3982,3325,1259,51165,1155,21596,6358,6670,5098,466
2024-03-03 22:07:14,2024-03-03T16:05:59Z,12839,42560,34718,21538,25865,2540,3605,38554,3982,3327,1259,51255,1155,21599,6358,6670,5100,466
2024-03-03 23:07:14,2024-03-03T17:05:28Z,12839,42560,34718,21538,25865,2540,3605,38554,3982,3327,1259,51255,1155,21599,6358,6670,5100,466
2024-03-04 00:07:16,2024-03-03T18:06:09Z,12901,42572,34719,21565,25875,2540,3606,38685,3982,3329,1259,51394,1155,21599,6358,6673,5100,467
2024-03-04 01:07:14,2024-03-03T19:05:21Z,12901,42572,34719,21565,25875,2540,3606,38685,3982,3329,1259,51394,1155,21599,6358,6673,5100,467
2024-03-04 02:07:13,2024-03-03T20:06:44Z,12901,42572,34719,21565,25875,2540,3606,38685,3982,3329,1259,51394,1155,21599,6358,6673,5100,467
2024-03-04 03:07:12,2024-03-03T21:05:34Z,12901,42572,34719,21565,25875,2540,3606,38685,3982,3329,1259,51394,1155,21599,6358,6673,5100,467
2024-03-04 04:07:11,2024-03-03T22:05:32Z,12901,42572,34719,21565,25875,2540,3606,38685,3982,3329,1259,51394,1155,21599,6358,6673,5100,467
2024-03-04 04:07:11,2024-03-03T23:05:55Z,12901,42572,34719,21565,25875,2540,3606,38685,3982,3329,1259,51394,1155,21599,6358,6673,5100,467
2024-03-04 06:07:13,2024-03-04T00:21:11Z,12901,42572,34719,21565,25875,2540,3606,38685,3982,3329,1259,51394,1155,21599,6358,6673,5100,467
2024-03-04 07:07:13,2024-03-04T01:29:05Z,12901,42572,34719,21565,25875,2540,3606,38685,3982,3329,1259,51394,1155,21599,6358,6673,5100,467
2024-03-04 08:07:22,2024-03-04T02:31:44Z,12909,42589,34721,21602,25894,2540,3606,38800,3985,3330,1261,51544,1155,21603,6362,6673,5105,467
2024-03-04 09:07:15,2024-03-04T03:26:17Z,12909,42592,34721,21651,25908,2540,3606,38808,3985,3330,1263,51583,1155,21604,6362,6673,5106,467
2024-03-04 10:07:14,2024-03-04T04:24:15Z,12909,42592,34721,21651,25908,2540,3606,38808,3985,3330,1263,51583,1155,21604,6362,6673,5106,467
2024-03-04 11:07:12,2024-03-04T05:25:12Z,12920,42660,34769,21661,25932,2542,3606,38896,3987,3331,1263,51714,1156,21639,6363,6678,5107,467
2024-03-04 12:07:13,2024-03-04T06:30:14Z,12921,42662,34769,21743,25950,2542,3606,38904,3987,3333,1264,51744,1156,21640,6364,6679,5107,467
2024-03-04 14:07:13,2024-03-04T07:36:18Z,12923,42718,34813,21752,25966,2542,3606,38912,3989,3333,1265,51756,1156,21690,6367,6688,5107,467
2024-03-04 14:07:13,2024-03-04T08:28:28Z,12923,42718,34813,21752,25966,2542,3606,38912,3989,3333,1265,51756,1156,21690,6367,6688,5107,467
2024-03-04 16:07:15,2024-03-04T09:52:15Z,12952,42763,34838,21919,26122,2543,3612,39164,4007,3346,1270,52221,1156,21732,6370,6695,5118,467
2024-03-04 17:07:13,2024-03-04T10:49:59Z,12952,42763,34838,21919,26122,2543,3612,39164,4007,3346,1270,52221,1156,21732,6370,6695,5118,467
2024-03-04 18:07:13,2024-03-04T11:41:13Z,12954,42763,34837,21972,26157,2543,3613,39185,4007,3346,1271,52260,1156,21734,6367,6695,5120,467
2024-03-04 18:07:13,2024-03-04T12:11:58Z,12954,42763,34837,21972,26157,2543,3613,39185,4007,3346,1271,52260,1156,21734,6367,6695,5120,467
2024-03-04 19:07:13,2024-03-04T13:06:41Z,12961,42794,34840,21998,26179,2543,3613,39238,4009,3347,1271,52333,1157,21738,6370,6697,5122,467
2024-03-04 20:07:12,2024-03-04T14:05:51Z,12961,42794,34840,21998,26179,2543,3613,39238,4009,3347,1271,52333,1157,21738,6370,6697,5122,467
2024-03-04 21:07:15,2024-03-04T15:06:06Z,12981,42888,34899,22176,26298,2547,3619,39397,4011,3356,1276,52439,1158,21810,6377,6701,5151,467
2024-03-04 22:07:13,2024-03-04T16:06:33Z,12983,42949,34935,22190,26313,2547,3619,39402,4011,3356,1277,52452,1159,21838,6382,6707,5151,467
2024-03-04 23:07:12,2024-03-04T17:05:55Z,12992,42954,34938,22268,26324,2547,3623,39431,4011,3356,1277,52471,1160,21841,6382,6711,5156,467
2024-03-05 00:07:13,2024-03-04T18:06:10Z,12995,42963,34939,22350,26357,2548,3625,39464,4012,3356,1277,52551,1160,21845,6384,6711,5156,467
2024-03-05 01:07:14,2024-03-04T19:05:34Z,13010,42988,34941,22495,26386,2549,3631,39521,4014,3364,1281,52618,1160,21846,6385,6713,5162,469
2024-03-05 02:07:14,2024-03-04T20:05:41Z,13021,42991,34944,22504,26423,2551,3631,39568,4015,3374,1282,52662,1160,21848,6387,6714,5186,469
2024-03-05 03:07:13,2024-03-04T21:05:59Z,13021,42991,34944,22504,26423,2551,3631,39568,4015,3374,1282,52662,1160,21848,6387,6714,5186,469
2024-03-05 04:07:12,2024-03-04T22:05:42Z,13021,42991,34944,22504,26423,2551,3631,39568,4015,3374,1282,52662,1160,21848,6387,6714,5186,469
2024-03-05 05:07:14,2024-03-04T23:06:02Z,13021,42991,34944,22504,26423,2551,3631,39568,4015,3374,1282,52662,1160,21848,6387,6714,5186,469
2024-03-05 06:07:13,2024-03-05T00:19:52Z,13021,42991,34944,22504,26423,2551,3631,39568,4015,3374,1282,52662,1160,21848,6387,6714,5186,469
2024-03-05 07:07:13,2024-03-05T01:25:39Z,13021,42991,34944,22504,26423,2551,3631,39568,4015,3374,1282,52662,1160,21848,6387,6714,5186,469
2024-03-05 08:07:13,2024-03-05T02:10:19Z,13021,42991,34944,22504,26423,2551,3631,39568,4015,3374,1282,52662,1160,21848,6387,6714,5186,469
2024-03-05 09:07:13,2024-03-05T03:06:17Z,13021,42991,34944,22504,26423,2551,3631,39568,4015,3374,1282,52662,1160,21848,6387,6714,5186,469
2024-03-05 10:07:14,2024-03-05T04:06:31Z,13024,42994,34944,22523,26438,2551,3631,39612,4020,3374,1282,52699,1160,21851,6388,6715,5187,470
2024-03-05 11:07:13,2024-03-05T05:05:57Z,13024,42994,34944,22523,26438,2551,3631,39612,4020,3374,1282,52699,1160,21851,6388,6715,5187,470
2024-03-05 12:07:40,2024-03-05T06:06:52Z,13030,42996,34955,22512,26427,2551,3631,39585,4018,3373,1281,52775,1161,21852,6385,6715,5189,472
2024-03-05 13:07:13,2024-03-05T07:05:43Z,13030,42996,34955,22545,26448,2552,3631,39645,4020,3375,1282,52810,1162,21854,6388,6715,5189,472
2024-03-05 14:07:15,2024-03-05T08:07:11Z,13042,43008,34963,22578,26492,2553,3634,39678,4026,3381,1287,52866,1163,21866,6395,6717,5195,472
2024-03-05 15:07:15,2024-03-05T09:05:51Z,13048,43013,34965,22800,26536,2555,3635,39797,4026,3390,1290,52922,1163,21868,6396,6718,5201,472
2024-03-05 16:07:14,2024-03-05T10:06:19Z,13064,43042,34978,22959,26576,2558,3636,39895,4028,3394,1291,53030,1165,21874,6403,6720,5222,476
2024-03-05 17:07:12,2024-03-05T11:05:42Z,13171,43077,35011,23188,26758,2561,3639,40199,4030,3396,1291,53254,1169,21878,6404,6720,5233,478
2024-03-05 18:07:13,2024-03-05T12:07:54Z,13173,43080,35011,23209,26765,2562,3641,40279,4030,3397,1291,53279,1169,21879,6405,6720,5234,478
2024-03-05 19:07:14,2024-03-05T13:05:36Z,13194,43100,35024,23446,26842,2562,3645,40434,4031,3400,1293,53407,1173,21882,6405,6723,5245,481
2024-03-05 20:07:13,2024-03-05T14:06:08Z,13207,43103,35028,23603,26938,2565,3655,40551,4031,3404,1297,53526,1174,21888,6407,6728,5249,482
2024-03-05 21:07:15,2024-03-05T15:05:44Z,13214,43108,35032,23661,26946,2566,3659,40574,4033,3406,1298,53561,1174,21888,6407,6729,5255,483
2024-03-05 22:07:14,2024-03-05T16:06:03Z,13213,43052,35013,23656,26942,2565,3659,40567,4029,3404,1298,53552,1173,21872,6405,6726,5255,483
2024-03-05 23:07:12,2024-03-05T17:06:12Z,13220,43050,35016,23748,26928,2564,3659,40600,4029,3409,1298,53519,1174,21871,6403,6726,5257,485
2024-03-06 00:07:14,2024-03-05T18:05:55Z,13223,43150,35054,23815,26937,2565,3674,40632,4039,3413,1299,53603,1176,21898,6409,6727,5278,485
2024-03-06 01:07:14,2024-03-05T19:05:47Z,13224,43206,35073,23820,26941,2566,3674,40639,4043,3415,1299,53612,1177,21914,6411,6730,5278,485
2024-03-06 02:07:15,2024-03-05T20:05:49Z,13221,43149,35045,23816,26932,2565,3674,40639,4036,3413,1299,53603,1177,21900,6401,6704,5278,485
2024-03-06 03:07:12,2024-03-05T21:05:49Z,13224,43206,35073,23820,26941,2566,3674,40639,4043,3415,1299,53612,1177,21914,6411,6730,5278,485
2024-03-06 03:07:12,2024-03-05T22:05:55Z,13224,43206,35073,23820,26941,2566,3674,40639,4043,3415,1299,53612,1177,21914,6411,6730,5278,485
2024-03-06 03:07:12,2024-03-05T23:05:59Z,13224,43206,35073,23820,26941,2566,3674,40639,4043,3415,1299,53612,1177,21914,6411,6730,5278,485
2024-03-06 03:07:12,2024-03-06T00:20:45Z,13224,43206,35073,23820,26941,2566,3674,40639,4043,3415,1299,53612,1177,21914,6411,6730,5278,485
2024-03-06 07:07:14,2024-03-06T01:26:17Z,13224,43206,35073,23820,26941,2566,3674,40639,4043,3415,1299,53612,1177,21914,6411,6730,5278,485
2024-03-06 08:07:15,2024-03-06T02:10:28Z,13224,43206,35073,23820,26941,2566,3674,40639,4043,3415,1299,53612,1177,21914,6411,6730,5278,485
2024-03-06 09:07:13,2024-03-06T03:05:48Z,13303,43210,35074,23827,26948,2566,3674,40717,4046,3416,1299,53628,1179,21915,6411,6732,5278,485
2024-03-06 10:07:12,2024-03-06T04:06:29Z,13303,43210,35074,23827,26948,2566,3674,40717,4046,3416,1299,53628,1179,21915,6411,6732,5278,485
2024-03-06 11:08:17,2024-03-06T05:06:02Z,13303,43210,35074,23827,26948,2566,3674,40717,4046,3416,1299,53628,1179,21915,6411,6732,5278,485
2024-03-06 12:07:16,2024-03-06T06:06:31Z,13303,43210,35074,23827,26948,2566,3674,40717,4046,3416,1299,53628,1179,21915,6411,6732,5278,485
2024-03-06 13:07:13,2024-03-06T07:05:44Z,13323,43215,35076,23849,26967,2566,3676,40802,4046,3418,1299,53723,1180,21919,6411,6732,5278,486
2024-03-06 14:07:14,2024-03-06T08:07:25Z,13323,43215,35076,23849,26967,2566,3676,40802,4046,3418,1299,53723,1180,21919,6411,6732,5278,486
2024-03-06 15:07:14,2024-03-06T09:05:58Z,13323,43215,35076,23849,26967,2566,3676,40802,4046,3418,1299,53723,1180,21919,6411,6732,5278,486
2024-03-06 16:07:13,2024-03-06T10:05:48Z,13323,43215,35076,23849,26967,2566,3676,40802,4046,3418,1299,53723,1180,21919,6411,6732,5278,486
2024-03-06 17:07:13,2024-03-06T11:05:44Z,13323,43299,35110,23857,27012,2569,3681,40862,4048,3423,1300,53771,1180,21928,6414,6735,5280,488
2024-03-06 18:07:12,2024-03-06T12:09:19Z,13323,43299,35110,23857,27012,2569,3681,40862,4048,3423,1300,53771,1180,21928,6414,6735,5280,488
2024-03-06 19:07:51,2024-03-06T13:05:41Z,13323,43299,35110,23857,27012,2569,3681,40862,4048,3423,1300,53771,1180,21928,6414,6735,5280,488
2024-03-06 20:07:13,2024-03-06T14:05:18Z,13323,43299,35110,23857,27012,2569,3681,40862,4048,3423,1300,53771,1180,21928,6414,6735,5280,488
2024-03-06 21:07:13,2024-03-06T15:06:16Z,13323,43299,35110,23857,27012,2569,3681,40862,4048,3423,1300,53771,1180,21928,6414,6735,5280,488
2024-03-06 22:07:13,2024-03-06T16:06:18Z,13329,43304,35113,23885,27024,2571,3685,40935,4048,3423,1300,53800,1180,21929,6414,6735,5282,488
2024-03-06 23:07:12,2024-03-06T17:06:09Z,13337,43335,35114,23890,27027,2574,3688,40947,4048,3425,1302,53839,1180,21936,6414,6735,5283,488
2024-03-07 00:07:17,2024-03-06T18:06:17Z,13337,43335,35114,23890,27027,2574,3688,40947,4048,3425,1302,53839,1180,21936,6414,6735,5283,488
2024-03-07 01:07:13,2024-03-06T19:05:04Z,13337,43335,35114,23890,27027,2574,3688,40947,4048,3425,1302,53839,1180,21936,6414,6735,5283,488
2024-03-07 02:07:13,2024-03-06T20:05:35Z,13337,43335,35114,23890,27027,2574,3688,40947,4048,3425,1302,53839,1180,21936,6414,6735,5283,488
2024-03-07 03:07:24,2024-03-06T21:06:26Z,13337,43335,35114,23890,27027,2574,3688,40947,4048,3425,1302,53839,1180,21936,6414,6735,5283,488
2024-03-07 03:07:24,2024-03-06T22:06:14Z,13337,43335,35114,23890,27027,2574,3688,40947,4048,3425,1302,53839,1180,21936,6414,6735,5283,488
2024-03-07 03:07:24,2024-03-06T23:06:40Z,13337,43335,35114,23890,27027,2574,3688,40947,4048,3425,1302,53839,1180,21936,6414,6735,5283,488
2024-03-08 05:07:12,2024-03-08T02:10:39Z,13444,43508,35145,24010,27215,2586,3722,41983,4063,3455,1317,54469,1184,22048,6421,6749,5328,495
2024-03-08 09:07:15,2024-03-08T03:05:54Z,13444,43508,35145,24010,27215,2586,3722,41983,4063,3455,1317,54469,1184,22048,6421,6749,5328,495
2024-03-08 10:07:15,2024-03-08T04:05:58Z,13444,43508,35145,24010,27215,2586,3722,41983,4063,3455,1317,54469,1184,22048,6421,6749,5328,495
2024-03-08 11:07:13,2024-03-08T05:06:01Z,13446,43515,35146,24073,27224,2588,3722,42102,4063,3461,1317,54526,1184,22052,6422,6750,5331,495
2024-03-08 12:07:14,2024-03-08T06:06:40Z,13448,43524,35147,24109,27233,2589,3724,42229,4063,3462,1317,54588,1185,22054,6425,6751,5337,495
2024-03-08 13:07:12,2024-03-08T07:06:34Z,13448,43524,35147,24109,27233,2589,3724,42229,4063,3462,1317,54588,1185,22054,6425,6751,5337,495
2024-03-08 14:07:13,2024-03-08T08:06:13Z,13448,43524,35147,24109,27233,2589,3724,42229,4063,3462,1317,54588,1185,22054,6425,6751,5337,495
2024-03-08 15:07:13,2024-03-08T09:05:47Z,13457,43560,35147,24134,27246,2590,3724,42343,4064,3465,1317,54660,1185,22054,6426,6751,5337,495
2024-03-08 16:07:15,2024-03-08T10:06:38Z,13457,43560,35147,24134,27246,2590,3724,42343,4064,3465,1317,54660,1185,22054,6426,6751,5337,495
2024-03-08 17:07:16,2024-03-08T11:05:45Z,13457,43560,35147,24134,27246,2590,3724,42343,4064,3465,1317,54660,1185,22054,6426,6751,5337,495
2024-03-08 18:07:14,2024-03-08T12:07:54Z,13457,43560,35147,24134,27246,2590,3724,42343,4064,3465,1317,54660,1185,22054,6426,6751,5337,495
2024-03-08 19:07:14,2024-03-08T13:05:47Z,13457,43560,35147,24134,27246,2590,3724,42343,4064,3465,1317,54660,1185,22054,6426,6751,5337,495
2024-03-08 20:07:14,2024-03-08T14:05:49Z,13457,43560,35147,24134,27246,2590,3724,42343,4064,3465,1317,54660,1185,22054,6426,6751,5337,495
2024-03-08 21:07:14,2024-03-08T15:06:02Z,13461,43568,35246,24134,27260,2591,3726,42354,4066,3466,1317,54668,1185,22060,6430,6751,5339,495
2024-03-08 22:07:13,2024-03-08T16:05:46Z,13461,43568,35246,24134,27260,2591,3726,42354,4066,3466,1317,54668,1185,22060,6430,6751,5339,495
2024-03-08 23:07:14,2024-03-08T17:06:05Z,13461,43568,35246,24134,27260,2591,3726,42354,4066,3466,1317,54668,1185,22060,6430,6751,5339,495
2024-03-09 00:07:13,2024-03-08T18:06:34Z,13461,43568,35246,24134,27260,2591,3726,42354,4066,3466,1317,54668,1185,22060,6430,6751,5339,495
2024-03-09 00:07:13,2024-03-08T19:06:04Z,13461,43568,35246,24134,27260,2591,3726,42354,4066,3466,1317,54668,1185,22060,6430,6751,5339,495
2024-03-09 02:07:14,2024-03-08T20:05:46Z,13461,43568,35246,24134,27260,2591,3726,42354,4066,3466,1317,54668,1185,22060,6430,6751,5339,495
2024-03-09 03:07:13,2024-03-08T21:05:55Z,13461,43568,35246,24134,27260,2591,3726,42354,4066,3466,1317,54668,1185,22060,6430,6751,5339,495
2024-03-09 03:07:13,2024-03-08T22:06:58Z,13461,43568,35246,24134,27260,2591,3726,42354,4066,3466,1317,54668,1185,22060,6430,6751,5339,495
2024-03-09 03:07:13,2024-03-08T23:06:10Z,13461,43568,35246,24134,27260,2591,3726,42354,4066,3466,1317,54668,1185,22060,6430,6751,5339,495
2024-03-09 03:07:13,2024-03-09T00:19:33Z,13461,43568,35246,24134,27260,2591,3726,42354,4066,3466,1317,54668,1185,22060,6430,6751,5339,495
2024-03-09 03:07:13,2024-03-09T01:23:41Z,13461,43568,35246,24134,27260,2591,3726,42354,4066,3466,1317,54668,1185,22060,6430,6751,5339,495
2024-03-09 03:07:13,2024-03-09T02:08:01Z,13461,43568,35246,24134,27260,2591,3726,42354,4066,3466,1317,54668,1185,22060,6430,6751,5339,495
2024-03-09 03:07:13,2024-03-09T03:07:49Z,13461,43568,35246,24134,27260,2591,3726,42354,4066,3466,1317,54668,1185,22060,6430,6751,5339,495
2024-03-09 10:08:16,2024-03-09T04:05:48Z,13461,43568,35246,24134,27260,2591,3726,42354,4066,3466,1317,54668,1185,22060,6430,6751,5339,495
2024-03-09 11:07:13,2024-03-09T05:06:28Z,13461,43568,35246,24134,27260,2591,3726,42354,4066,3466,1317,54668,1185,22060,6430,6751,5339,495
2024-03-09 11:07:13,2024-03-09T06:07:33Z,13461,43568,35246,24134,27260,2591,3726,42354,4066,3466,1317,54668,1185,22060,6430,6751,5339,495
2024-03-09 13:07:13,2024-03-09T07:05:39Z,13461,43568,35246,24134,27260,2591,3726,42354,4066,3466,1317,54668,1185,22060,6430,6751,5339,495
2024-03-09 14:07:14,2024-03-09T08:06:05Z,13461,43568,35246,24134,27260,2591,3726,42354,4066,3466,1317,54668,1185,22060,6430,6751,5339,495
2024-03-09 15:07:15,2024-03-09T09:05:47Z,13461,43568,35246,24134,27260,2591,3726,42354,4066,3466,1317,54668,1185,22060,6430,6751,5339,495
2024-03-09 16:07:14,2024-03-09T10:05:43Z,13461,43568,35246,24134,27260,2591,3726,42354,4066,3466,1317,54668,1185,22060,6430,6751,5339,495
2024-03-09 17:07:14,2024-03-09T11:05:46Z,13461,43568,35246,24134,27260,2591,3726,42354,4066,3466,1317,54668,1185,22060,6430,6751,5339,495
2024-03-09 18:07:13,2024-03-09T12:06:49Z,13461,43568,35246,24134,27260,2591,3726,42354,4066,3466,1317,54668,1185,22060,6430,6751,5339,495
2024-03-09 19:08:26,2024-03-09T13:05:30Z,13461,43568,35246,24134,27260,2591,3726,42354,4066,3466,1317,54668,1185,22060,6430,6751,5339,495
2024-03-09 20:07:13,2024-03-09T14:06:01Z,13461,43568,35246,24134,27260,2591,3726,42354,4066,3466,1317,54668,1185,22060,6430,6751,5339,495
2024-03-09 21:07:14,2024-03-09T15:05:33Z,13470,43585,35389,24134,27307,2591,3755,42371,4066,3466,1317,54678,1186,22063,6438,6752,5339,495
2024-03-09 22:07:15,2024-03-09T16:05:51Z,13470,43585,35389,24134,27307,2591,3755,42371,4066,3466,1317,54678,1186,22063,6438,6752,5339,495
2024-03-09 22:07:15,2024-03-09T17:05:22Z,13470,43585,35389,24134,27307,2591,3755,42371,4066,3466,1317,54678,1186,22063,6438,6752,5339,495
2024-03-10 00:07:12,2024-03-09T18:06:09Z,13470,43585,35389,24134,27307,2591,3755,42371,4066,3466,1317,54678,1186,22063,6438,6752,5339,495
2024-03-10 00:07:12,2024-03-09T19:05:36Z,13470,43585,35389,24134,27307,2591,3755,42371,4066,3466,1317,54678,1186,22063,6438,6752,5339,495
2024-03-10 00:07:12,2024-03-09T20:06:13Z,13470,43585,35389,24134,27307,2591,3755,42371,4066,3466,1317,54678,1186,22063,6438,6752,5339,495
2024-03-10 00:07:12,2024-03-09T21:05:40Z,13470,43585,35389,24134,27307,2591,3755,42371,4066,3466,1317,54678,1186,22063,6438,6752,5339,495
2024-03-10 00:07:12,2024-03-09T22:05:48Z,13470,43585,35389,24134,27307,2591,3755,42371,4066,3466,1317,54678,1186,22063,6438,6752,5339,495
2024-03-10 00:07:12,2024-03-09T23:05:48Z,13470,43585,35389,24134,27307,2591,3755,42371,4066,3466,1317,54678,1186,22063,6438,6752,5339,495
2024-03-10 00:07:12,2024-03-10T00:22:08Z,13470,43585,35389,24134,27307,2591,3755,42371,4066,3466,1317,54678,1186,22063,6438,6752,5339,495
2024-03-10 08:07:12,2024-03-10T01:28:46Z,13470,43585,35389,24134,27307,2591,3755,42371,4066,3466,1317,54678,1186,22063,6438,6752,5339,495
2024-03-10 08:07:12,2024-03-10T02:13:46Z,13470,43585,35389,24134,27307,2591,3755,42371,4066,3466,1317,54678,1186,22063,6438,6752,5339,495
2024-03-10 09:07:11,2024-03-10T03:06:10Z,13470,43585,35389,24134,27307,2591,3755,42371,4066,3466,1317,54678,1186,22063,6438,6752,5339,495
2024-03-10 09:07:11,2024-03-10T04:06:37Z,13470,43585,35389,24134,27307,2591,3755,42371,4066,3466,1317,54678,1186,22063,6438,6752,5339,495
2024-03-10 11:07:12,2024-03-10T05:05:52Z,13470,43585,35389,24134,27307,2591,3755,42371,4066,3466,1317,54678,1186,22063,6438,6752,5339,495
2024-03-10 12:07:12,2024-03-10T06:06:11Z,13470,43585,35389,24134,27307,2591,3755,42371,4066,3466,1317,54678,1186,22063,6438,6752,5339,495
2024-03-10 13:07:13,2024-03-10T07:06:38Z,13470,43585,35389,24134,27307,2591,3755,42371,4066,3466,1317,54678,1186,22063,6438,6752,5339,495
2024-03-10 13:07:13,2024-03-10T08:06:04Z,13470,43585,35389,24134,27307,2591,3755,42371,4066,3466,1317,54678,1186,22063,6438,6752,5339,495
2024-03-10 13:07:13,2024-03-10T09:06:08Z,13470,43585,35389,24134,27307,2591,3755,42371,4066,3466,1317,54678,1186,22063,6438,6752,5339,495
2024-03-10 13:07:13,2024-03-10T10:05:36Z,13470,43585,35389,24134,27307,2591,3755,42371,4066,3466,1317,54678,1186,22063,6438,6752,5339,495
2024-03-10 17:07:12,2024-03-10T11:06:20Z,13470,43585,35389,24134,27307,2591,3755,42371,4066,3466,1317,54678,1186,22063,6438,6752,5339,495
2024-03-10 17:07:12,2024-03-10T12:07:03Z,13470,43585,35389,24134,27307,2591,3755,42371,4066,3466,1317,54678,1186,22063,6438,6752,5339,495
2024-03-10 17:07:12,2024-03-10T13:05:53Z,13470,43585,35389,24134,27307,2591,3755,42371,4066,3466,1317,54678,1186,22063,6438,6752,5339,495
2024-03-10 17:07:12,2024-03-10T14:05:38Z,13470,43585,35389,24134,27307,2591,3755,42371,4066,3466,1317,54678,1186,22063,6438,6752,5339,495
2024-03-10 21:07:13,2024-03-10T15:05:27Z,13470,43585,35389,24134,27307,2591,3755,42371,4066,3466,1317,54678,1186,22063,6438,6752,5339,495
2024-03-10 22:07:14,2024-03-10T16:06:28Z,13470,43585,35389,24134,27307,2591,3755,42371,4066,3466,1317,54678,1186,22063,6438,6752,5339,495
2024-03-10 23:07:14,2024-03-10T17:05:37Z,13470,43585,35389,24134,27307,2591,3755,42371,4066,3466,1317,54678,1186,22063,6438,6752,5339,495
2024-03-11 00:07:13,2024-03-10T18:05:59Z,13470,43585,35389,24134,27307,2591,3755,42371,4066,3466,1317,54678,1186,22063,6438,6752,5339,495
2024-03-11 00:07:13,2024-03-10T19:05:36Z,13470,43585,35389,24134,27307,2591,3755,42371,4066,3466,1317,54678,1186,22063,6438,6752,5339,495
2024-03-11 00:07:13,2024-03-10T20:05:50Z,13470,43585,35389,24134,27307,2591,3755,42371,4066,3466,1317,54678,1186,22063,6438,6752,5339,495
2024-03-11 00:07:13,2024-03-10T21:05:53Z,13470,43585,35389,24134,27307,2591,3755,42371,4066,3466,1317,54678,1186,22063,6438,6752,5339,495
2024-03-11 00:07:13,2024-03-10T22:05:50Z,13470,43585,35389,24134,27307,2591,3755,42371,4066,3466,1317,54678,1186,22063,6438,6752,5339,495
2024-03-11 00:07:13,2024-03-10T23:05:41Z,13470,43585,35389,24134,27307,2591,3755,42371,4066,3466,1317,54678,1186,22063,6438,6752,5339,495
2024-03-11 06:07:11,2024-03-11T00:21:25Z,13470,43585,35389,24134,27307,2591,3755,42371,4066,3466,1317,54678,1186,22063,6438,6752,5339,495
2024-03-11 08:07:28,2024-03-11T01:26:48Z,13470,43585,35389,24134,27307,2591,3755,42371,4066,3466,1317,54678,1186,22063,6438,6752,5339,495
2024-03-11 08:07:28,2024-03-11T02:11:57Z,13470,43585,35389,24134,27307,2591,3755,42371,4066,3466,1317,54678,1186,22063,6438,6752,5339,495
2024-03-11 09:07:12,2024-03-11T03:06:22Z,13470,43585,35389,24134,27307,2591,3755,42371,4066,3466,1317,54678,1186,22063,6438,6752,5339,495
2024-03-11 10:07:15,2024-03-11T04:06:17Z,13470,43585,35389,24134,27307,2591,3755,42371,4066,3466,1317,54678,1186,22063,6438,6752,5339,495
2024-03-11 10:07:15,2024-03-11T05:06:07Z,13470,43585,35389,24134,27307,2591,3755,42371,4066,3466,1317,54678,1186,22063,6438,6752,5339,495
2024-03-11 12:07:14,2024-03-11T06:06:49Z,13470,43585,35389,24134,27307,2591,3755,42371,4066,3466,1317,54678,1186,22063,6438,6752,5339,495
2024-03-11 12:07:14,2024-03-11T07:06:27Z,13470,43585,35389,24134,27307,2591,3755,42371,4066,3466,1317,54678,1186,22063,6438,6752,5339,495
2024-03-11 14:07:12,2024-03-11T08:07:10Z,13470,43585,35389,24134,27307,2591,3755,42371,4066,3466,1317,54678,1186,22063,6438,6752,5339,495
2024-03-11 15:07:15,2024-03-11T09:06:28Z,13470,43585,35389,24134,27307,2591,3755,42371,4066,3466,1317,54678,1186,22063,6438,6752,5339,495
2024-03-11 16:07:13,2024-03-11T10:06:32Z,13470,43585,35389,24134,27307,2591,3755,42371,4066,3466,1317,54678,1186,22063,6438,6752,5339,495
2024-03-11 17:07:14,2024-03-11T11:05:49Z,13470,43585,35389,24134,27307,2591,3755,42371,4066,3466,1317,54678,1186,22063,6438,6752,5339,495
2024-03-11 18:07:14,2024-03-11T12:07:56Z,13470,43585,35389,24134,27307,2591,3755,42371,4066,3466,1317,54678,1186,22063,6438,6752,5339,495
2024-03-11 19:07:14,2024-03-11T13:05:42Z,13470,43585,35389,24134,27307,2591,3755,42371,4066,3466,1317,54678,1186,22063,6438,6752,5339,495
2024-03-11 19:07:14,2024-03-11T14:05:49Z,13470,43585,35389,24134,27307,2591,3755,42371,4066,3466,1317,54678,1186,22063,6438,6752,5339,495
2024-03-11 19:07:14,2024-03-11T15:06:16Z,13470,43585,35389,24134,27307,2591,3755,42371,4066,3466,1317,54678,1186,22063,6438,6752,5339,495
2024-03-11 22:08:00,2024-03-11T16:06:02Z,13470,43585,35389,24134,27307,2591,3755,42371,4066,3466,1317,54678,1186,22063,6438,6752,5339,495
2024-03-11 23:07:18,2024-03-11T17:06:18Z,13470,43585,35389,24134,27307,2591,3755,42371,4066,3466,1317,54678,1186,22063,6438,6752,5339,495
2024-03-12 00:07:15,2024-03-11T18:06:31Z,13470,43585,35389,24134,27307,2591,3755,42371,4066,3466,1317,54678,1186,22063,6438,6752,5339,495
2024-03-12 00:07:15,2024-03-11T19:05:46Z,13470,43585,35389,24134,27307,2591,3755,42371,4066,3466,1317,54678,1186,22063,6438,6752,5339,495
2024-03-12 02:07:12,2024-03-11T20:06:32Z,13470,43585,35389,24134,27307,2591,3755,42371,4066,3466,1317,54678,1186,22063,6438,6752,5339,495
2024-03-12 02:07:12,2024-03-11T21:06:01Z,13470,43585,35389,24134,27307,2591,3755,42371,4066,3466,1317,54678,1186,22063,6438,6752,5339,495
2024-03-12 02:07:12,2024-03-11T22:05:39Z,13470,43585,35389,24134,27307,2591,3755,42371,4066,3466,1317,54678,1186,22063,6438,6752,5339,495
2024-03-12 02:07:12,2024-03-11T23:06:02Z,13470,43585,35389,24134,27307,2591,3755,42371,4066,3466,1317,54678,1186,22063,6438,6752,5339,495
2024-03-12 02:07:12,2024-03-12T00:19:44Z,13470,43585,35389,24134,27307,2591,3755,42371,4066,3466,1317,54678,1186,22063,6438,6752,5339,495
2024-03-12 02:07:12,2024-03-12T01:25:21Z,13470,43585,35389,24134,27307,2591,3755,42371,4066,3466,1317,54678,1186,22063,6438,6752,5339,495
2024-03-12 02:07:12,2024-03-12T02:10:11Z,13470,43585,35389,24134,27307,2591,3755,42371,4066,3466,1317,54678,1186,22063,6438,6752,5339,495
2024-03-12 02:07:12,2024-03-12T03:06:24Z,13470,43585,35389,24134,27307,2591,3755,42371,4066,3466,1317,54678,1186,22063,6438,6752,5339,495
2024-03-12 02:07:12,2024-03-12T04:06:41Z,13470,43585,35389,24134,27307,2591,3755,42371,4066,3466,1317,54678,1186,22063,6438,6752,5339,495
2024-03-12 11:07:12,2024-03-12T05:06:02Z,13470,43585,35389,24134,27307,2591,3755,42371,4066,3466,1317,54678,1186,22063,6438,6752,5339,495
2024-03-12 12:07:13,2024-03-12T06:06:37Z,13470,43585,35389,24134,27307,2591,3755,42371,4066,3466,1317,54678,1186,22063,6438,6752,5339,495
2024-03-12 13:07:15,2024-03-12T07:05:56Z,13470,43585,35389,24134,27307,2591,3755,42371,4066,3466,1317,54678,1186,22063,6438,6752,5339,495
2024-03-12 14:07:15,2024-03-12T08:06:33Z,13470,43585,35389,24134,27307,2591,3755,42371,4066,3466,1317,54678,1186,22063,6438,6752,5339,495
2024-03-12 15:37:14,2024-03-12T09:06:37Z,13470,43585,35389,24134,27307,2591,3755,42371,4066,3466,1317,54678,1186,22063,6438,6752,5339,495
2024-03-12 16:37:14,2024-03-12T10:05:54Z,13470,43585,35389,24134,27307,2591,3755,42371,4066,3466,1317,54678,1186,22063,6438,6752,5339,495
2024-03-12 17:37:14,2024-03-12T11:06:02Z,13470,43585,35389,24134,27307,2591,3755,42371,4066,3466,1317,54678,1186,22063,6438,6752,5339,495
2024-03-12 18:37:16,2024-03-12T12:07:37Z,13470,43585,35389,24134,27307,2591,3755,42371,4066,3466,1317,54678,1186,22063,6438,6752,5339,495
2024-03-12 19:37:12,2024-03-12T13:05:44Z,13470,43585,35389,24134,27307,2591,3755,42371,4066,3466,1317,54678,1186,22063,6438,6752,5339,495
2024-03-12 20:37:13,2024-03-12T14:05:46Z,13470,43585,35389,24134,27307,2591,3755,42371,4066,3466,1317,54678,1186,22063,6438,6752,5339,495
2024-03-12 21:37:13,2024-03-12T15:05:51Z,13470,43585,35389,24134,27307,2591,3755,42371,4066,3466,1317,54678,1186,22063,6438,6752,5339,495
2024-03-12 22:07:38,2024-03-12T16:06:38Z,13470,43585,35389,24134,27307,2591,3755,42371,4066,3466,1317,54678,1186,22063,6438,6752,5339,495
2024-03-12 23:37:12,2024-03-12T17:05:55Z,13470,43585,35389,24134,27307,2591,3755,42371,4066,3466,1317,54678,1186,22063,6438,6752,5339,495
2024-03-13 00:37:13,2024-03-12T18:06:21Z,13470,43585,35389,24134,27307,2591,3755,42371,4066,3466,1317,54678,1186,22063,6438,6752,5339,495
2024-03-13 01:07:14,2024-03-12T19:05:31Z,13470,43585,35389,24134,27307,2591,3755,42371,4066,3466,1317,54678,1186,22063,6438,6752,5339,495
2024-03-13 01:07:14,2024-03-12T20:06:14Z,13470,43585,35389,24134,27307,2591,3755,42371,4066,3466,1317,54678,1186,22063,6438,6752,5339,495
2024-03-13 03:07:11,2024-03-12T21:06:06Z,13470,43585,35389,24134,27307,2591,3755,42371,4066,3466,1317,54678,1186,22063,6438,6752,5339,495
2024-03-13 04:37:13,2024-03-12T22:05:47Z,13470,43585,35389,24134,27307,2591,3755,42371,4066,3466,1317,54678,1186,22063,6438,6752,5339,495
2024-03-13 04:37:13,2024-03-12T23:05:58Z,13470,43585,35389,24134,27307,2591,3755,42371,4066,3466,1317,54678,1186,22063,6438,6752,5339,495
2024-03-13 06:37:13,2024-03-13T00:19:58Z,13470,43585,35389,24134,27307,2591,3755,42371,4066,3466,1317,54678,1186,22063,6438,6752,5339,495
2024-03-13 08:07:11,2024-03-13T01:27:35Z,13470,43585,35389,24134,27307,2591,3755,42371,4066,3466,1317,54678,1186,22063,6438,6752,5339,495
2024-03-13 08:38:05,2024-03-13T02:11:56Z,13470,43585,35389,24134,27307,2591,3755,42371,4066,3466,1317,54678,1186,22063,6438,6752,5339,495
2024-03-13 09:37:42,2024-03-13T03:06:43Z,13470,43585,35389,24134,27307,2591,3755,42371,4066,3466,1317,54678,1186,22063,6438,6752,5339,495
2024-03-13 10:37:13,2024-03-13T04:06:27Z,13470,43585,35389,24134,27307,2591,3755,42371,4066,3466,1317,54678,1186,22063,6438,6752,5339,495
2024-03-13 11:37:13,2024-03-13T05:06:30Z,13470,43585,35389,24134,27307,2591,3755,42371,4066,3466,1317,54678,1186,22063,6438,6752,5339,495
2024-03-13 12:37:15,2024-03-13T06:07:00Z,13470,43585,35389,24134,27307,2591,3755,42371,4066,3466,1317,54678,1186,22063,6438,6752,5339,495
2024-03-13 13:37:11,2024-03-13T07:05:35Z,13470,43585,35389,24134,27307,2591,3755,42371,4066,3466,1317,54678,1186,22063,6438,6752,5339,495
2024-03-13 14:37:14,2024-03-13T08:06:25Z,13470,43585,35389,24134,27307,2591,3755,42371,4066,3466,1317,54678,1186,22063,6438,6752,5339,495
2024-03-13 15:37:12,2024-03-13T09:06:32Z,13470,43585,35389,24134,27307,2591,3755,42371,4066,3466,1317,54678,1186,22063,6438,6752,5339,495
2024-03-13 16:37:13,2024-03-13T10:05:54Z,13470,43585,35389,24134,27307,2591,3755,42371,4066,3466,1317,54678,1186,22063,6438,6752,5339,495
2024-03-13 17:37:19,2024-03-13T11:06:00Z,13470,43585,35389,24134,27307,2591,3755,42371,4066,3466,1317,54678,1186,22063,6438,6752,5339,495
2024-03-13 18:37:15,2024-03-13T12:08:39Z,13470,43585,35389,24134,27307,2591,3755,42371,4066,3466,1317,54678,1186,22063,6438,6752,5339,495
2024-03-13 19:37:14,2024-03-13T13:05:50Z,13470,43585,35389,24134,27307,2591,3755,42371,4066,3466,1317,54678,1186,22063,6438,6752,5339,495
2024-03-13 20:07:12,2024-03-13T14:05:59Z,13470,43585,35389,24134,27307,2591,3755,42371,4066,3466,1317,54678,1186,22063,6438,6752,5339,495
2024-03-13 21:37:14,2024-03-13T15:06:27Z,13470,43585,35389,24134,27307,2591,3755,42371,4066,3466,1317,54678,1186,22063,6438,6752,5339,495
2024-03-13 22:37:13,2024-03-13T16:06:07Z,13470,43585,35389,24134,27307,2591,3755,42371,4066,3466,1317,54678,1186,22063,6438,6752,5339,495
2024-03-13 23:37:12,2024-03-13T17:06:03Z,13470,43585,35389,24134,27307,2591,3755,42371,4066,3466,1317,54678,1186,22063,6438,6752,5339,495
2024-03-14 00:37:15,2024-03-13T18:06:25Z,13470,43585,35389,24134,27307,2591,3755,42371,4066,3466,1317,54678,1186,22063,6438,6752,5339,495
2024-03-14 01:37:38,2024-03-13T19:05:42Z,13470,43585,35389,24134,27307,2591,3755,42371,4066,3466,1317,54678,1186,22063,6438,6752,5339,495
2024-03-14 02:37:14,2024-03-13T20:05:45Z,13470,43585,35389,24134,27307,2591,3755,42371,4066,3466,1317,54678,1186,22063,6438,6752,5339,495
2024-03-14 03:07:12,2024-03-13T21:06:34Z,13470,43585,35389,24134,27307,2591,3755,42371,4066,3466,1317,54678,1186,22063,6438,6752,5339,495
2024-03-14 03:07:12,2024-03-13T22:06:22Z,13470,43585,35389,24134,27307,2591,3755,42371,4066,3466,1317,54678,1186,22063,6438,6752,5339,495
2024-03-14 05:37:15,2024-03-13T23:05:54Z,13470,43585,35389,24134,27307,2591,3755,42371,4066,3466,1317,54678,1186,22063,6438,6752,5339,495
2024-03-14 06:37:13,2024-03-14T00:19:50Z,13470,43585,35389,24134,27307,2591,3755,42371,4066,3466,1317,54678,1186,22063,6438,6752,5339,495
2024-03-14 07:37:14,2024-03-14T01:25:58Z,13470,43585,35389,24134,27307,2591,3755,42371,4066,3466,1317,54678,1186,22063,6438,6752,5339,495
2024-03-14 08:37:13,2024-03-14T02:10:36Z,13470,43585,35389,24134,27307,2591,3755,42371,4066,3466,1317,54678,1186,22063,6438,6752,5339,495
2024-03-14 09:37:11,2024-03-14T03:06:06Z,13470,43585,35389,24134,27307,2591,3755,42371,4066,3466,1317,54678,1186,22063,6438,6752,5339,495
2024-03-14 10:37:16,2024-03-14T04:06:03Z,13470,43585,35389,24134,27307,2591,3755,42371,4066,3466,1317,54678,1186,22063,6438,6752,5339,495
2024-03-14 11:37:12,2024-03-14T05:05:53Z,13470,43585,35389,24134,27307,2591,3755,42371,4066,3466,1317,54678,1186,22063,6438,6752,5339,495
2024-03-14 12:37:13,2024-03-14T06:06:32Z,13470,43585,35389,24134,27307,2591,3755,42371,4066,3466,1317,54678,1186,22063,6438,6752,5339,495
2024-03-14 13:37:49,2024-03-14T07:06:24Z,13470,43585,35389,24134,27307,2591,3755,42371,4066,3466,1317,54678,1186,22063,6438,6752,5339,495
2024-03-14 14:37:13,2024-03-14T08:06:53Z,13470,43585,35389,24134,27307,2591,3755,42371,4066,3466,1317,54678,1186,22063,6438,6752,5339,495
2024-03-14 15:37:13,2024-03-14T09:05:54Z,13470,43585,35389,24134,27307,2591,3755,42371,4066,3466,1317,54678,1186,22063,6438,6752,5339,495
2024-03-14 16:37:12,2024-03-14T10:06:06Z,13470,43640,35391,24144,27351,2591,3756,42390,4078,3466,1317,54730,1187,22063,6438,6752,5340,495
2024-03-14 17:37:47,2024-03-14T11:05:52Z,13470,43640,35391,24144,27351,2591,3756,42390,4078,3466,1317,54730,1187,22063,6438,6752,5340,495
2024-03-14 18:37:32,2024-03-14T12:09:14Z,13470,43640,35391,24144,27351,2591,3756,42390,4078,3466,1317,54730,1187,22063,6438,6752,5340,495
2024-03-14 19:37:15,2024-03-14T13:05:42Z,13470,43640,35391,24144,27351,2591,3756,42390,4078,3466,1317,54730,1187,22063,6438,6752,5340,495
2024-03-14 20:37:12,2024-03-14T14:05:55Z,13470,43640,35391,24144,27351,2591,3756,42390,4078,3466,1317,54730,1187,22063,6438,6752,5340,495
2024-03-14 21:37:14,2024-03-14T15:05:54Z,13470,43640,35391,24144,27351,2591,3756,42390,4078,3466,1317,54730,1187,22063,6438,6752,5340,495
2024-03-14 22:37:14,2024-03-14T16:06:40Z,13470,43640,35391,24144,27351,2591,3756,42390,4078,3466,1317,54730,1187,22063,6438,6752,5340,495
2024-03-14 23:37:13,2024-03-14T17:05:36Z,13470,43640,35391,24144,27351,2591,3756,42390,4078,3466,1317,54730,1187,22063,6438,6752,5340,495
2024-03-15 00:37:15,2024-03-14T18:06:14Z,13470,43640,35391,24144,27351,2591,3756,42390,4078,3466,1317,54730,1187,22063,6438,6752,5340,495
2024-03-15 01:37:14,2024-03-14T19:05:39Z,13470,43640,35391,24144,27351,2591,3756,42390,4078,3466,1317,54730,1187,22063,6438,6752,5340,495
2024-03-15 02:37:13,2024-03-14T20:05:50Z,13470,43640,35391,24144,27351,2591,3756,42390,4078,3466,1317,54730,1187,22063,6438,6752,5340,495
2024-03-15 03:37:15,2024-03-14T21:05:59Z,13470,43640,35391,24144,27351,2591,3756,42390,4078,3466,1317,54730,1187,22063,6438,6752,5340,495
2024-03-15 04:37:13,2024-03-14T22:05:43Z,13470,43640,35391,24144,27351,2591,3756,42390,4078,3466,1317,54730,1187,22063,6438,6752,5340,495
2024-03-15 05:37:13,2024-03-14T23:06:06Z,13470,43640,35391,24144,27351,2591,3756,42390,4078,3466,1317,54730,1187,22063,6438,6752,5340,495
2024-03-15 06:37:13,2024-03-15T00:20:07Z,13470,43640,35391,24144,27351,2591,3756,42390,4078,3466,1317,54730,1187,22063,6438,6752,5340,495
2024-03-15 08:07:14,2024-03-15T01:26:28Z,13470,43640,35391,24144,27351,2591,3756,42390,4078,3466,1317,54730,1187,22063,6438,6752,5340,495
2024-03-15 08:37:13,2024-03-15T02:11:19Z,13470,43640,35391,24144,27351,2591,3756,42390,4078,3466,1317,54730,1187,22063,6438,6752,5340,495
2024-03-15 09:37:14,2024-03-15T03:05:56Z,13470,43640,35391,24144,27351,2591,3756,42390,4078,3466,1317,54730,1187,22063,6438,6752,5340,495
2024-03-15 10:37:14,2024-03-15T04:07:10Z,13470,43640,35391,24144,27351,2591,3756,42390,4078,3466,1317,54730,1187,22063,6438,6752,5340,495
2024-03-15 11:37:16,2024-03-15T05:05:48Z,13470,43640,35391,24144,27351,2591,3756,42390,4078,3466,1317,54730,1187,22063,6438,6752,5340,495
2024-03-15 12:37:13,2024-03-15T06:07:30Z,13470,43640,35391,24144,27351,2591,3756,42390,4078,3466,1317,54730,1187,22063,6438,6752,5340,495
2024-03-15 13:37:15,2024-03-15T07:06:26Z,13470,43640,35391,24144,27351,2591,3756,42390,4078,3466,1317,54730,1187,22063,6438,6752,5340,495
2024-03-15 14:37:15,2024-03-15T08:07:05Z,13470,43640,35391,24144,27351,2591,3756,42390,4078,3466,1317,54730,1187,22063,6438,6752,5340,495
2024-03-15 15:37:13,2024-03-15T09:05:54Z,13470,43640,35391,24144,27351,2591,3756,42390,4078,3466,1317,54730,1187,22063,6438,6752,5340,495
2024-03-15 16:37:14,2024-03-15T10:05:57Z,13470,43640,35391,24144,27351,2591,3756,42390,4078,3466,1317,54730,1187,22063,6438,6752,5340,495
2024-03-15 17:37:14,2024-03-15T11:05:26Z,13470,43640,35391,24144,27351,2591,3756,42390,4078,3466,1317,54730,1187,22063,6438,6752,5340,495
2024-03-15 18:37:16,2024-03-15T12:07:39Z,13470,43640,35391,24144,27351,2591,3756,42390,4078,3466,1317,54730,1187,22063,6438,6752,5340,495
2024-03-15 19:37:15,2024-03-15T13:06:01Z,13470,43640,35391,24144,27351,2591,3756,42390,4078,3466,1317,54730,1187,22063,6438,6752,5340,495
2024-03-15 20:37:15,2024-03-15T14:06:12Z,13470,43640,35391,24144,27351,2591,3756,42390,4078,3466,1317,54730,1187,22063,6438,6752,5340,495
2024-03-15 21:37:16,2024-03-15T15:06:05Z,13470,43640,35391,24144,27351,2591,3756,42390,4078,3466,1317,54730,1187,22063,6438,6752,5340,495
2024-03-15 22:37:13,2024-03-15T16:06:43Z,13470,43640,35391,24144,27351,2591,3756,42390,4078,3466,1317,54730,1187,22063,6438,6752,5340,495
2024-03-15 23:37:12,2024-03-15T17:05:23Z,13470,43640,35391,24144,27351,2591,3756,42390,4078,3466,1317,54730,1187,22063,6438,6752,5340,495
2024-03-16 00:37:13,2024-03-15T18:07:20Z,13470,43640,35391,24144,27351,2591,3756,42390,4078,3466,1317,54730,1187,22063,6438,6752,5340,495
2024-03-16 01:37:12,2024-03-15T19:05:26Z,13470,43640,35391,24144,27351,2591,3756,42390,4078,3466,1317,54730,1187,22063,6438,6752,5340,495
2024-03-16 02:37:14,2024-03-15T20:11:08Z,13470,43640,35391,24144,27351,2591,3756,42390,4078,3466,1317,54730,1187,22063,6438,6752,5340,495
2024-03-16 03:37:13,2024-03-15T21:05:25Z,13470,43640,35391,24144,27351,2591,3756,42390,4078,3466,1317,54730,1187,22063,6438,6752,5340,495
2024-03-16 03:37:13,2024-03-15T22:05:54Z,13470,43640,35391,24144,27351,2591,3756,42390,4078,3466,1317,54730,1187,22063,6438,6752,5340,495
2024-03-16 05:37:12,2024-03-15T23:05:40Z,13470,43640,35391,24144,27351,2591,3756,42390,4078,3466,1317,54730,1187,22063,6438,6752,5340,495
2024-03-16 06:37:15,2024-03-16T00:19:23Z,13470,43640,35391,24144,27351,2591,3756,42390,4078,3466,1317,54730,1187,22063,6438,6752,5340,495
2024-03-16 06:37:15,2024-03-16T01:24:50Z,13470,43640,35391,24144,27351,2591,3756,42390,4078,3466,1317,54730,1187,22063,6438,6752,5340,495
2024-03-16 08:37:14,2024-03-16T02:10:03Z,13470,43640,35391,24144,27351,2591,3756,42390,4078,3466,1317,54730,1187,22063,6438,6752,5340,495
2024-03-16 09:37:13,2024-03-16T03:06:36Z,13470,43640,35391,24144,27351,2591,3756,42390,4078,3466,1317,54730,1187,22063,6438,6752,5340,495
2024-03-16 10:37:14,2024-03-16T04:06:17Z,13470,43640,35391,24144,27351,2591,3756,42390,4078,3466,1317,54730,1187,22063,6438,6752,5340,495
2024-03-16 11:37:16,2024-03-16T05:06:05Z,13470,43640,35391,24144,27351,2591,3756,42390,4078,3466,1317,54730,1187,22063,6438,6752,5340,495
2024-03-16 12:37:15,2024-03-16T06:06:00Z,13470,43640,35391,24144,27351,2591,3756,42390,4078,3466,1317,54730,1187,22063,6438,6752,5340,495
2024-03-16 13:37:14,2024-03-16T07:06:03Z,13470,43640,35391,24144,27351,2591,3756,42390,4078,3466,1317,54730,1187,22063,6438,6752,5340,495
2024-03-16 14:37:15,2024-03-16T08:06:19Z,13470,43640,35391,24144,27351,2591,3756,42390,4078,3466,1317,54730,1187,22063,6438,6752,5340,495
2024-03-16 15:37:15,2024-03-16T09:05:34Z,13470,43640,35391,24144,27351,2591,3756,42390,4078,3466,1317,54730,1187,22063,6438,6752,5340,495
2024-03-16 16:37:13,2024-03-16T10:05:56Z,13470,43640,35391,24144,27351,2591,3756,42390,4078,3466,1317,54730,1187,22063,6438,6752,5340,495
2024-03-16 17:37:13,2024-03-16T11:05:32Z,13470,43640,35391,24144,27351,2591,3756,42390,4078,3466,1317,54730,1187,22063,6438,6752,5340,495
2024-03-16 18:37:15,2024-03-16T12:07:52Z,13470,43640,35391,24144,27351,2591,3756,42390,4078,3466,1317,54730,1187,22063,6438,6752,5340,495
2024-03-16 19:37:13,2024-03-16T13:06:07Z,13470,43640,35391,24144,27351,2591,3756,42390,4078,3466,1317,54730,1187,22063,6438,6752,5340,495
2024-03-16 20:37:16,2024-03-16T14:05:17Z,13470,43640,35391,24144,27351,2591,3756,42390,4078,3466,1317,54730,1187,22063,6438,6752,5340,495
2024-03-16 21:37:13,2024-03-16T15:05:44Z,13470,43640,35391,24144,27351,2591,3756,42390,4078,3466,1317,54730,1187,22063,6438,6752,5340,495
2024-03-16 22:37:15,2024-03-16T16:06:26Z,13470,43640,35391,24144,27351,2591,3756,42390,4078,3466,1317,54730,1187,22063,6438,6752,5340,495
2024-03-16 23:37:15,2024-03-16T17:05:29Z,13470,43640,35391,24144,27351,2591,3756,42390,4078,3466,1317,54730,1187,22063,6438,6752,5340,495
2024-03-17 00:37:19,2024-03-16T18:05:51Z,13470,43640,35391,24144,27351,2591,3756,42390,4078,3466,1317,54730,1187,22063,6438,6752,5340,495
2024-03-17 01:37:16,2024-03-16T19:06:31Z,13470,43640,35391,24144,27351,2591,3756,42390,4078,3466,1317,54730,1187,22063,6438,6752,5340,495
2024-03-17 02:37:14,2024-03-16T20:05:51Z,13470,43640,35391,24144,27351,2591,3756,42390,4078,3466,1317,54730,1187,22063,6438,6752,5340,495
2024-03-17 03:37:16,2024-03-16T21:05:55Z,13470,43640,35391,24144,27351,2591,3756,42390,4078,3466,1317,54730,1187,22063,6438,6752,5340,495
2024-03-17 04:37:14,2024-03-16T22:05:40Z,13470,43640,35391,24144,27351,2591,3756,42390,4078,3466,1317,54730,1187,22063,6438,6752,5340,495
2024-03-17 05:37:14,2024-03-16T23:06:16Z,13470,43640,35391,24144,27351,2591,3756,42390,4078,3466,1317,54730,1187,22063,6438,6752,5340,495
2024-03-17 06:37:14,2024-03-17T00:22:06Z,13470,43696,35394,24161,27366,2591,3756,42409,4081,3466,1317,54791,1187,22065,6439,6752,5340,495
2024-03-17 08:07:13,2024-03-17T01:29:04Z,13470,43696,35394,24161,27366,2591,3756,42409,4081,3466,1317,54791,1187,22065,6439,6752,5340,495
2024-03-17 08:37:13,2024-03-17T02:11:48Z,13470,43696,35394,24161,27366,2591,3756,42409,4081,3466,1317,54791,1187,22065,6439,6752,5340,495
2024-03-17 09:37:15,2024-03-17T03:06:15Z,13470,43696,35394,24161,27366,2591,3756,42409,4081,3466,1317,54791,1187,22065,6439,6752,5340,495
2024-03-17 10:37:14,2024-03-17T04:06:23Z,13470,43696,35394,24161,27366,2591,3756,42409,4081,3466,1317,54791,1187,22065,6439,6752,5340,495
2024-03-17 11:37:14,2024-03-17T05:06:23Z,13470,43696,35394,24161,27366,2591,3756,42409,4081,3466,1317,54791,1187,22065,6439,6752,5340,495
2024-03-17 12:37:24,2024-03-17T06:06:04Z,13470,43696,35394,24161,27366,2591,3756,42409,4081,3466,1317,54791,1187,22065,6439,6752,5340,495
2024-03-17 13:37:13,2024-03-17T07:06:00Z,13470,43696,35394,24161,27366,2591,3756,42409,4081,3466,1317,54791,1187,22065,6439,6752,5340,495
2024-03-17 14:37:14,2024-03-17T08:06:12Z,13470,43696,35394,24161,27366,2591,3756,42409,4081,3466,1317,54791,1187,22065,6439,6752,5340,495
2024-03-17 15:37:15,2024-03-17T09:05:40Z,13470,43696,35394,24161,27366,2591,3756,42409,4081,3466,1317,54791,1187,22065,6439,6752,5340,495
2024-03-17 16:37:14,2024-03-17T10:05:41Z,13470,43696,35394,24161,27366,2591,3756,42409,4081,3466,1317,54791,1187,22065,6439,6752,5340,495
2024-03-17 17:37:15,2024-03-17T11:06:06Z,13470,43696,35394,24161,27366,2591,3756,42409,4081,3466,1317,54791,1187,22065,6439,6752,5340,495
2024-03-17 18:37:13,2024-03-17T12:08:07Z,13470,43696,35394,24161,27366,2591,3756,42409,4081,3466,1317,54791,1187,22065,6439,6752,5340,495
2024-03-17 19:37:12,2024-03-17T13:06:06Z,13470,43696,35394,24161,27366,2591,3756,42409,4081,3466,1317,54791,1187,22065,6439,6752,5340,495
2024-03-17 20:37:14,2024-03-17T14:05:38Z,13470,43696,35394,24161,27366,2591,3756,42409,4081,3466,1317,54791,1187,22065,6439,6752,5340,495
2024-03-17 21:37:16,2024-03-17T15:05:56Z,13470,43696,35394,24161,27366,2591,3756,42409,4081,3466,1317,54791,1187,22065,6439,6752,5340,495
2024-03-17 22:37:14,2024-03-17T16:05:51Z,13470,43696,35394,24161,27366,2591,3756,42409,4081,3466,1317,54791,1187,22065,6439,6752,5340,495
2024-03-17 23:37:14,2024-03-17T17:05:32Z,13470,43696,35394,24161,27366,2591,3756,42409,4081,3466,1317,54791,1187,22065,6439,6752,5340,495
2024-03-18 00:37:14,2024-03-17T18:06:01Z,13470,43696,35394,24161,27366,2591,3756,42409,4081,3466,1317,54791,1187,22065,6439,6752,5340,495
2024-03-18 01:37:14,2024-03-17T19:05:25Z,13470,43696,35394,24161,27366,2591,3756,42409,4081,3466,1317,54791,1187,22065,6439,6752,5340,495
2024-03-18 02:37:13,2024-03-17T20:05:45Z,13470,43696,35394,24161,27366,2591,3756,42409,4081,3466,1317,54791,1187,22065,6439,6752,5340,495
2024-03-18 03:07:14,2024-03-17T21:07:20Z,13470,43696,35394,24161,27366,2591,3756,42409,4081,3466,1317,54791,1187,22065,6439,6752,5340,495
2024-03-18 03:07:14,2024-03-17T22:05:58Z,13470,43696,35394,24161,27366,2591,3756,42409,4081,3466,1317,54791,1187,22065,6439,6752,5340,495
2024-03-18 05:37:14,2024-03-17T23:06:46Z,13470,43696,35394,24161,27366,2591,3756,42409,4081,3466,1317,54791,1187,22065,6439,6752,5340,495
2024-03-18 07:07:14,2024-03-18T00:21:25Z,13470,43696,35394,24161,27366,2591,3756,42409,4081,3466,1317,54791,1187,22065,6439,6752,5340,495
2024-03-18 08:07:15,2024-03-18T01:27:01Z,13470,43696,35394,24161,27366,2591,3756,42409,4081,3466,1317,54791,1187,22065,6439,6752,5340,495
2024-03-18 08:37:13,2024-03-18T02:10:59Z,13470,43696,35394,24161,27366,2591,3756,42409,4081,3466,1317,54791,1187,22065,6439,6752,5340,495
2024-03-18 09:37:14,2024-03-18T03:06:13Z,13470,43696,35394,24161,27366,2591,3756,42409,4081,3466,1317,54791,1187,22065,6439,6752,5340,495
2024-03-18 10:37:14,2024-03-18T04:06:08Z,13470,43696,35394,24161,27366,2591,3756,42409,4081,3466,1317,54791,1187,22065,6439,6752,5340,495
2024-03-18 11:37:20,2024-03-18T05:06:54Z,13470,43696,35394,24161,27366,2591,3756,42409,4081,3466,1317,54791,1187,22065,6439,6752,5340,495
2024-03-18 12:37:14,2024-03-18T06:06:39Z,13470,43696,35394,24161,27366,2591,3756,42409,4081,3466,1317,54791,1187,22065,6439,6752,5340,495
2024-03-18 13:37:14,2024-03-18T07:05:51Z,13470,43696,35394,24161,27366,2591,3756,42409,4081,3466,1317,54791,1187,22065,6439,6752,5340,495
2024-03-18 14:37:15,2024-03-18T08:06:49Z,13470,43696,35394,24161,27366,2591,3756,42409,4081,3466,1317,54791,1187,22065,6439,6752,5340,495
2024-03-18 15:37:15,2024-03-18T09:06:00Z,13470,43696,35394,24161,27366,2591,3756,42409,4081,3466,1317,54791,1187,22065,6439,6752,5340,495
2024-03-18 16:37:15,2024-03-18T10:06:13Z,13470,43696,35394,24161,27366,2591,3756,42409,4081,3466,1317,54791,1187,22065,6439,6752,5340,495
2024-03-18 17:37:16,2024-03-18T11:05:55Z,13470,43696,35394,24161,27366,2591,3756,42409,4081,3466,1317,54791,1187,22065,6439,6752,5340,495
2024-03-18 18:37:15,2024-03-18T12:07:54Z,13470,43696,35394,24161,27366,2591,3756,42409,4081,3466,1317,54791,1187,22065,6439,6752,5340,495
2024-03-18 19:37:16,2024-03-18T13:05:49Z,13470,43696,35394,24161,27366,2591,3756,42409,4081,3466,1317,54791,1187,22065,6439,6752,5340,495
2024-03-18 20:37:15,2024-03-18T14:05:57Z,13470,43696,35394,24161,27366,2591,3756,42409,4081,3466,1317,54791,1187,22065,6439,6752,5340,495
2024-03-18 21:37:14,2024-03-18T15:05:49Z,13470,43696,35394,24161,27366,2591,3756,42409,4081,3466,1317,54791,1187,22065,6439,6752,5340,495
2024-03-18 22:37:15,2024-03-18T16:06:48Z,13470,43696,35394,24161,27366,2591,3756,42409,4081,3466,1317,54791,1187,22065,6439,6752,5340,495
2024-03-18 23:37:51,2024-03-18T17:06:38Z,13470,43696,35394,24161,27366,2591,3756,42409,4081,3466,1317,54791,1187,22065,6439,6752,5340,495
2024-03-19 00:37:15,2024-03-18T18:06:00Z,13470,43696,35394,24161,27366,2591,3756,42409,4081,3466,1317,54791,1187,22065,6439,6752,5340,495
2024-03-19 01:37:13,2024-03-18T19:06:05Z,13470,43696,35394,24161,27366,2591,3756,42409,4081,3466,1317,54791,1187,22065,6439,6752,5340,495
2024-03-19 02:37:15,2024-03-18T20:05:42Z,13470,43696,35394,24161,27366,2591,3756,42409,4081,3466,1317,54791,1187,22065,6439,6752,5340,495
2024-03-19 03:07:14,2024-03-18T21:06:21Z,13470,43696,35394,24161,27366,2591,3756,42409,4081,3466,1317,54791,1187,22065,6439,6752,5340,495
2024-03-19 04:37:15,2024-03-18T22:06:14Z,13470,43696,35394,24161,27366,2591,3756,42409,4081,3466,1317,54791,1187,22065,6439,6752,5340,495
2024-03-19 05:37:14,2024-03-18T23:06:10Z,13470,43696,35394,24161,27366,2591,3756,42409,4081,3466,1317,54791,1187,22065,6439,6752,5340,495
2024-03-19 06:07:14,2024-03-19T00:20:26Z,13470,43696,35394,24161,27366,2591,3756,42409,4081,3466,1317,54791,1187,22065,6439,6752,5340,495
2024-03-19 08:07:14,2024-03-19T01:26:36Z,13470,43696,35394,24161,27366,2591,3756,42409,4081,3466,1317,54791,1187,22065,6439,6752,5340,495
2024-03-19 08:37:15,2024-03-19T02:11:06Z,13470,43696,35394,24161,27366,2591,3756,42409,4081,3466,1317,54791,1187,22065,6439,6752,5340,495
2024-03-19 09:37:15,2024-03-19T03:06:11Z,13470,43696,35394,24161,27366,2591,3756,42409,4081,3466,1317,54791,1187,22065,6439,6752,5340,495
2024-03-19 10:37:15,2024-03-19T04:06:44Z,13470,43696,35394,24161,27366,2591,3756,42409,4081,3466,1317,54791,1187,22065,6439,6752,5340,495
2024-03-19 11:37:14,2024-03-19T05:05:51Z,13470,43696,35394,24161,27366,2591,3756,42409,4081,3466,1317,54791,1187,22065,6439,6752,5340,495
2024-03-19 12:37:52,2024-03-19T06:07:33Z,13470,43696,35394,24161,27366,2591,3756,42409,4081,3466,1317,54791,1187,22065,6439,6752,5340,495
2024-03-19 13:37:22,2024-03-19T07:05:48Z,13470,43696,35394,24161,27366,2591,3756,42409,4081,3466,1317,54791,1187,22065,6439,6752,5340,495
2024-03-19 14:37:19,2024-03-19T08:06:35Z,13470,43696,35394,24161,27366,2591,3756,42409,4081,3466,1317,54791,1187,22065,6439,6752,5340,495
2024-03-19 15:37:14,2024-03-19T09:05:54Z,13470,43696,35394,24161,27366,2591,3756,42409,4081,3466,1317,54791,1187,22065,6439,6752,5340,495
2024-03-19 16:37:16,2024-03-19T10:06:00Z,13470,43696,35394,24161,27366,2591,3756,42409,4081,3466,1317,54791,1187,22065,6439,6752,5340,495
2024-03-19 17:37:15,2024-03-19T11:05:37Z,13470,43696,35394,24161,27366,2591,3756,42409,4081,3466,1317,54791,1187,22065,6439,6752,5340,495
2024-03-19 18:37:14,2024-03-19T12:08:27Z,13470,43696,35394,24161,27366,2591,3756,42409,4081,3466,1317,54791,1187,22065,6439,6752,5340,495
2024-03-19 19:37:15,2024-03-19T13:06:18Z,13470,43696,35394,24161,27366,2591,3756,42409,4081,3466,1317,54791,1187,22065,6439,6752,5340,495
2024-03-19 20:37:15,2024-03-19T14:06:29Z,13470,43696,35394,24161,27366,2591,3756,42409,4081,3466,1317,54791,1187,22065,6439,6752,5340,495
2024-03-19 21:37:17,2024-03-19T15:06:44Z,13470,43696,35394,24161,27366,2591,3756,42409,4081,3466,1317,54791,1187,22065,6439,6752,5340,495
2024-03-19 22:37:14,2024-03-19T16:06:43Z,13470,43696,35394,24161,27366,2591,3756,42409,4081,3466,1317,54791,1187,22065,6439,6752,5340,495
2024-03-19 23:37:16,2024-03-19T17:06:13Z,13470,43696,35394,24161,27366,2591,3756,42409,4081,3466,1317,54791,1187,22065,6439,6752,5340,495
2024-03-20 00:37:16,2024-03-19T18:06:01Z,13470,43696,35394,24161,27366,2591,3756,42409,4081,3466,1317,54791,1187,22065,6439,6752,5340,495
2024-03-20 01:37:15,2024-03-19T19:05:50Z,13470,43696,35394,24161,27366,2591,3756,42409,4081,3466,1317,54791,1187,22065,6439,6752,5340,495
2024-03-20 02:37:16,2024-03-19T20:06:04Z,13470,43696,35394,24161,27366,2591,3756,42409,4081,3466,1317,54791,1187,22065,6439,6752,5340,495
2024-03-20 03:07:15,2024-03-19T21:05:33Z,13470,43696,35394,24161,27366,2591,3756,42409,4081,3466,1317,54791,1187,22065,6439,6752,5340,495
2024-03-20 04:07:15,2024-03-19T22:05:39Z,13470,43696,35394,24161,27366,2591,3756,42409,4081,3466,1317,54791,1187,22065,6439,6752,5340,495
2024-03-20 05:37:13,2024-03-19T23:06:38Z,13470,43696,35394,24161,27366,2591,3756,42409,4081,3466,1317,54791,1187,22065,6439,6752,5340,495
2024-03-20 06:37:15,2024-03-20T00:20:05Z,13470,43696,35394,24161,27366,2591,3756,42409,4081,3466,1317,54791,1187,22065,6439,6752,5340,495
2024-03-20 08:07:16,2024-03-20T01:26:01Z,13470,43696,35394,24161,27366,2591,3756,42409,4081,3466,1317,54791,1187,22065,6439,6752,5340,495
2024-03-20 08:37:19,2024-03-20T02:10:45Z,13470,43696,35394,24161,27366,2591,3756,42409,4081,3466,1317,54791,1187,22065,6439,6752,5340,495
2024-03-20 09:37:19,2024-03-20T03:06:03Z,13470,43696,35394,24161,27366,2591,3756,42409,4081,3466,1317,54791,1187,22065,6439,6752,5340,495
2024-03-20 10:37:15,2024-03-20T04:06:16Z,13470,43696,35394,24161,27366,2591,3756,42409,4081,3466,1317,54791,1187,22065,6439,6752,5340,495
2024-03-20 11:37:17,2024-03-20T05:05:51Z,13470,43696,35394,24161,27366,2591,3756,42409,4081,3466,1317,54791,1187,22065,6439,6752,5340,495
2024-03-20 12:37:15,2024-03-20T06:06:45Z,13470,43696,35394,24161,27366,2591,3756,42409,4081,3466,1317,54791,1187,22065,6439,6752,5340,495
2024-03-20 13:37:17,2024-03-20T07:06:48Z,13470,43696,35394,24161,27366,2591,3756,42409,4081,3466,1317,54791,1187,22065,6439,6752,5340,495
2024-03-20 14:37:16,2024-03-20T08:06:26Z,13470,43696,35394,24161,27366,2591,3756,42409,4081,3466,1317,54791,1187,22065,6439,6752,5340,495
2024-03-20 15:37:17,2024-03-20T09:06:17Z,13470,43696,35394,24161,27366,2591,3756,42409,4081,3466,1317,54791,1187,22065,6439,6752,5340,495
2024-03-20 16:37:14,2024-03-20T10:06:00Z,13470,43696,35394,24161,27366,2591,3756,42409,4081,3466,1317,54791,1187,22065,6439,6752,5340,495
2024-03-20 17:37:16,2024-03-20T11:05:36Z,13470,43696,35394,24161,27366,2591,3756,42409,4081,3466,1317,54791,1187,22065,6439,6752,5340,495
2024-03-20 18:37:41,2024-03-20T12:08:27Z,13470,43696,35394,24161,27366,2591,3756,42409,4081,3466,1317,54791,1187,22065,6439,6752,5340,495
2024-03-20 19:37:16,2024-03-20T13:10:54Z,13470,43696,35394,24161,27366,2591,3756,42409,4081,3466,1317,54791,1187,22065,6439,6752,5340,495
2024-03-20 20:37:16,2024-03-20T14:05:47Z,13470,43696,35394,24161,27366,2591,3756,42409,4081,3466,1317,54791,1187,22065,6439,6752,5340,495
2024-03-20 21:37:17,2024-03-20T15:05:54Z,13470,43696,35394,24161,27366,2591,3756,42409,4081,3466,1317,54791,1187,22065,6439,6752,5340,495
2024-03-20 22:37:16,2024-03-20T16:07:08Z,13470,43696,35394,24161,27366,2591,3756,42409,4081,3466,1317,54791,1187,22065,6439,6752,5340,495
2024-03-20 23:37:15,2024-03-20T17:05:27Z,13470,43696,35394,24161,27366,2591,3756,42409,4081,3466,1317,54791,1187,22065,6439,6752,5340,495
2024-03-21 00:37:15,2024-03-20T18:06:03Z,13470,43696,35394,24161,27366,2591,3756,42409,4081,3466,1317,54791,1187,22065,6439,6752,5340,495
2024-03-21 00:37:15,2024-03-20T19:05:19Z,13470,43696,35394,24161,27366,2591,3756,42409,4081,3466,1317,54791,1187,22065,6439,6752,5340,495
2024-03-21 00:37:15,2024-03-20T20:06:34Z,13470,43696,35394,24161,27366,2591,3756,42409,4081,3466,1317,54791,1187,22065,6439,6752,5340,495
2024-03-21 00:37:15,2024-03-20T21:06:07Z,13470,43696,35394,24161,27366,2591,3756,42409,4081,3466,1317,54791,1187,22065,6439,6752,5340,495
2024-03-21 00:37:15,2024-03-20T22:05:42Z,13470,43696,35394,24161,27366,2591,3756,42409,4081,3466,1317,54791,1187,22065,6439,6752,5340,495
2024-03-21 00:37:15,2024-03-20T23:07:10Z,13470,43696,35394,24161,27366,2591,3756,42409,4081,3466,1317,54791,1187,22065,6439,6752,5340,495
2024-03-21 00:37:15,2024-03-21T00:21:07Z,13470,43696,35394,24161,27366,2591,3756,42409,4081,3466,1317,54791,1187,22065,6439,6752,5340,495
2024-03-21 00:37:15,2024-03-21T01:27:13Z,13470,43696,35394,24161,27366,2591,3756,42409,4081,3466,1317,54791,1187,22065,6439,6752,5340,495
2024-03-21 00:37:15,2024-03-21T02:12:04Z,13470,43696,35394,24161,27366,2591,3756,42409,4081,3466,1317,54791,1187,22065,6439,6752,5340,495
2024-03-21 00:37:15,2024-03-21T03:07:18Z,13470,43696,35394,24161,27366,2591,3756,42409,4081,3466,1317,54791,1187,22065,6439,6752,5340,495
2024-03-21 00:37:15,2024-03-21T04:07:44Z,13470,43696,35394,24161,27366,2591,3756,42409,4081,3466,1317,54791,1187,22065,6439,6752,5340,495
2024-03-21 00:37:15,2024-03-21T05:06:05Z,13470,43696,35394,24161,27366,2591,3756,42409,4081,3466,1317,54791,1187,22065,6439,6752,5340,495
2024-03-21 12:37:15,2024-03-21T06:06:31Z,13470,43696,35394,24161,27366,2591,3756,42409,4081,3466,1317,54791,1187,22065,6439,6752,5340,495
2024-03-21 12:37:15,2024-03-21T07:05:56Z,13470,43696,35394,24161,27366,2591,3756,42409,4081,3466,1317,54791,1187,22065,6439,6752,5340,495
2024-03-21 14:07:16,2024-03-21T08:06:42Z,13470,43696,35394,24161,27366,2591,3756,42409,4081,3466,1317,54791,1187,22065,6439,6752,5340,495
2024-03-21 14:07:16,2024-03-21T09:05:54Z,13470,43696,35394,24161,27366,2591,3756,42409,4081,3466,1317,54791,1187,22065,6439,6752,5340,495
2024-03-21 16:37:14,2024-03-21T10:05:48Z,13470,43696,35394,24161,27366,2591,3756,42409,4081,3466,1317,54791,1187,22065,6439,6752,5340,495
2024-03-21 17:37:17,2024-03-21T11:06:40Z,13470,43696,35394,24161,27366,2591,3756,42409,4081,3466,1317,54791,1187,22065,6439,6752,5340,495
2024-03-21 18:07:16,2024-03-21T12:07:47Z,13470,43696,35394,24161,27366,2591,3756,42409,4081,3466,1317,54791,1187,22065,6439,6752,5340,495
2024-03-21 18:07:16,2024-03-21T13:06:02Z,13470,43696,35394,24161,27366,2591,3756,42409,4081,3466,1317,54791,1187,22065,6439,6752,5340,495
2024-03-21 20:07:16,2024-03-21T14:05:53Z,13470,43696,35394,24161,27366,2591,3756,42409,4081,3466,1317,54791,1187,22065,6439,6752,5340,495
2024-03-21 21:07:16,2024-03-21T15:06:02Z,13470,43696,35394,24161,27366,2591,3756,42409,4081,3466,1317,54791,1187,22065,6439,6752,5340,495
2024-03-21 21:07:16,2024-03-21T16:06:08Z,13470,43696,35394,24161,27366,2591,3756,42409,4081,3466,1317,54791,1187,22065,6439,6752,5340,495
2024-03-21 23:37:16,2024-03-21T17:05:46Z,13470,43696,35394,24161,27366,2591,3756,42409,4081,3466,1317,54791,1187,22065,6439,6752,5340,495
2024-03-22 00:07:16,2024-03-21T18:06:29Z,13470,43696,35394,24161,27366,2591,3756,42409,4081,3466,1317,54791,1187,22065,6439,6752,5340,495
2024-03-22 00:07:16,2024-03-21T19:05:47Z,13470,43696,35394,24161,27366,2591,3756,42409,4081,3466,1317,54791,1187,22065,6439,6752,5340,495
2024-03-22 00:07:16,2024-03-21T20:05:55Z,13470,43696,35394,24161,27366,2591,3756,42409,4081,3466,1317,54791,1187,22065,6439,6752,5340,495
2024-03-22 00:07:16,2024-03-21T21:06:13Z,13470,43696,35394,24161,27366,2591,3756,42409,4081,3466,1317,54791,1187,22065,6439,6752,5340,495
2024-03-22 00:07:16,2024-03-21T22:05:45Z,13470,43696,35394,24161,27366,2591,3756,42409,4081,3466,1317,54791,1187,22065,6439,6752,5340,495
2024-03-22 00:07:16,2024-03-21T23:05:58Z,13470,43696,35394,24161,27366,2591,3756,42409,4081,3466,1317,54791,1187,22065,6439,6752,5340,495
2024-03-22 00:07:16,2024-03-22T00:19:54Z,13470,43696,35394,24161,27366,2591,3756,42409,4081,3466,1317,54791,1187,22065,6439,6752,5340,495
2024-03-22 00:07:16,2024-03-22T01:26:03Z,13470,43696,35394,24161,27366,2591,3756,42409,4081,3466,1317,54791,1187,22065,6439,6752,5340,495
2024-03-22 00:07:16,2024-03-22T02:10:37Z,13470,43696,35394,24161,27366,2591,3756,42409,4081,3466,1317,54791,1187,22065,6439,6752,5340,495
2024-03-22 00:07:16,2024-03-22T03:06:16Z,13470,43696,35394,24161,27366,2591,3756,42409,4081,3466,1317,54791,1187,22065,6439,6752,5340,495
2024-03-22 10:37:17,2024-03-22T04:06:14Z,13470,43696,35394,24161,27366,2591,3756,42409,4081,3466,1317,54791,1187,22065,6439,6752,5340,495
2024-03-22 11:37:16,2024-03-22T05:06:04Z,13470,43696,35394,24161,27366,2591,3756,42409,4081,3466,1317,54791,1187,22065,6439,6752,5340,495
2024-03-22 12:37:17,2024-03-22T06:06:29Z,13470,43696,35394,24161,27366,2591,3756,42409,4081,3466,1317,54791,1187,22065,6439,6752,5340,495
2024-03-22 13:37:14,2024-03-22T07:06:48Z,13470,43696,35394,24161,27366,2591,3756,42409,4081,3466,1317,54791,1187,22065,6439,6752,5340,495
2024-03-22 14:37:15,2024-03-22T08:07:54Z,13470,43696,35394,24161,27366,2591,3756,42409,4081,3466,1317,54791,1187,22065,6439,6752,5340,495
2024-03-22 15:37:15,2024-03-22T09:07:25Z,13470,43696,35394,24161,27366,2591,3756,42409,4081,3466,1317,54791,1187,22065,6439,6752,5340,495
2024-03-22 16:37:14,2024-03-22T10:05:59Z,13470,43696,35394,24161,27366,2591,3756,42409,4081,3466,1317,54791,1187,22065,6439,6752,5340,495
2024-03-22 17:37:16,2024-03-22T11:06:02Z,13470,43696,35394,24161,27366,2591,3756,42409,4081,3466,1317,54791,1187,22065,6439,6752,5340,495
2024-03-22 18:37:16,2024-03-22T12:08:34Z,13470,43696,35394,24161,27366,2591,3756,42409,4081,3466,1317,54791,1187,22065,6439,6752,5340,495
2024-03-22 19:37:15,2024-03-22T13:05:31Z,13470,43696,35394,24161,27366,2591,3756,42409,4081,3466,1317,54791,1187,22065,6439,6752,5340,495
2024-03-22 20:37:16,2024-03-22T14:05:42Z,13470,43696,35394,24161,27366,2591,3756,42409,4081,3466,1317,54791,1187,22065,6439,6752,5340,495
2024-03-22 21:37:17,2024-03-22T15:06:31Z,13470,43696,35394,24161,27366,2591,3756,42409,4081,3466,1317,54791,1187,22065,6439,6752,5340,495
2024-03-22 22:37:17,2024-03-22T16:06:59Z,13470,43696,35394,24161,27366,2591,3756,42409,4081,3466,1317,54791,1187,22065,6439,6752,5340,495
2024-03-22 23:37:17,2024-03-22T17:05:30Z,13470,43696,35394,24161,27366,2591,3756,42409,4081,3466,1317,54791,1187,22065,6439,6752,5340,495
2024-03-23 00:37:15,2024-03-22T18:06:19Z,13470,43696,35394,24161,27366,2591,3756,42409,4081,3466,1317,54791,1187,22065,6439,6752,5340,495
2024-03-23 01:07:17,2024-03-22T19:05:29Z,13470,43696,35394,24161,27366,2591,3756,42409,4081,3466,1317,54791,1187,22065,6439,6752,5340,495
2024-03-23 02:07:14,2024-03-22T20:06:01Z,13470,43696,35394,24161,27366,2591,3756,42409,4081,3466,1317,54791,1187,22065,6439,6752,5340,495
2024-03-23 02:07:14,2024-03-22T21:06:06Z,13470,43696,35394,24161,27366,2591,3756,42409,4081,3466,1317,54791,1187,22065,6439,6752,5340,495
2024-03-23 02:07:14,2024-03-22T22:05:48Z,13470,43696,35394,24161,27366,2591,3756,42409,4081,3466,1317,54791,1187,22065,6439,6752,5340,495
2024-03-23 05:37:15,2024-03-22T23:05:50Z,13470,43696,35394,24161,27366,2591,3756,42409,4081,3466,1317,54791,1187,22065,6439,6752,5340,495
2024-03-23 06:37:16,2024-03-23T00:19:55Z,13470,43696,35394,24161,27366,2591,3756,42409,4081,3466,1317,54791,1187,22065,6439,6752,5340,495
2024-03-23 07:37:15,2024-03-23T01:24:52Z,13470,43696,35394,24161,27366,2591,3756,42409,4081,3466,1317,54791,1187,22065,6439,6752,5340,495
2024-03-23 07:37:15,2024-03-23T02:10:52Z,13470,43696,35394,24161,27366,2591,3756,42409,4081,3466,1317,54791,1187,22065,6439,6752,5340,495
2024-03-23 09:37:16,2024-03-23T03:06:33Z,13470,43696,35394,24161,27366,2591,3756,42409,4081,3466,1317,54791,1187,22065,6439,6752,5340,495
2024-03-23 10:37:14,2024-03-23T04:07:10Z,13470,43696,35394,24161,27366,2591,3756,42409,4081,3466,1317,54791,1187,22065,6439,6752,5340,495
2024-03-23 11:37:16,2024-03-23T05:06:27Z,13470,43696,35394,24161,27366,2591,3756,42409,4081,3466,1317,54791,1187,22065,6439,6752,5340,495
2024-03-23 12:37:18,2024-03-23T06:08:24Z,13470,43696,35394,24161,27366,2591,3756,42409,4081,3466,1317,54791,1187,22065,6439,6752,5340,495
2024-03-23 13:37:14,2024-03-23T07:07:00Z,13470,43696,35394,24161,27366,2591,3756,42409,4081,3466,1317,54791,1187,22065,6439,6752,5340,495
2024-03-23 14:37:16,2024-03-23T08:05:59Z,13470,43696,35394,24161,27366,2591,3756,42409,4081,3466,1317,54791,1187,22065,6439,6752,5340,495
2024-03-23 15:37:15,2024-03-23T09:06:11Z,13470,43696,35394,24161,27366,2591,3756,42409,4081,3466,1317,54791,1187,22065,6439,6752,5340,495
2024-03-23 16:37:17,2024-03-23T10:05:40Z,13470,43696,35394,24161,27366,2591,3756,42409,4081,3466,1317,54791,1187,22065,6439,6752,5340,495
2024-03-23 17:37:15,2024-03-23T11:05:39Z,13470,43696,35394,24161,27366,2591,3756,42409,4081,3466,1317,54791,1187,22065,6439,6752,5340,495
2024-03-23 18:37:20,2024-03-23T12:08:39Z,13470,43696,35394,24161,27366,2591,3756,42409,4081,3466,1317,54791,1187,22065,6439,6752,5340,495
2024-03-23 18:37:20,2024-03-23T13:05:26Z,13470,43696,35394,24161,27366,2591,3756,42409,4081,3466,1317,54791,1187,22065,6439,6752,5340,495
2024-03-23 20:37:15,2024-03-23T14:05:42Z,13470,43696,35394,24161,27366,2591,3756,42409,4081,3466,1317,54791,1187,22065,6439,6752,5340,495
2024-03-23 21:37:17,2024-03-23T15:06:49Z,13470,43696,35394,24161,27366,2591,3756,42409,4081,3466,1317,54791,1187,22065,6439,6752,5340,495
2024-03-23 22:37:17,2024-03-23T16:05:55Z,13470,43696,35394,24161,27366,2591,3756,42409,4081,3466,1317,54791,1187,22065,6439,6752,5340,495
2024-03-23 23:37:17,2024-03-23T17:05:55Z,13470,43696,35394,24161,27366,2591,3756,42409,4081,3466,1317,54791,1187,22065,6439,6752,5340,495
2024-03-24 00:37:41,2024-03-23T18:06:17Z,13470,43696,35394,24161,27366,2591,3756,42409,4081,3466,1317,54791,1187,22065,6439,6752,5340,495
2024-03-24 00:37:41,2024-03-23T19:05:15Z,13470,43696,35394,24161,27366,2591,3756,42409,4081,3466,1317,54791,1187,22065,6439,6752,5340,495
2024-03-24 00:37:41,2024-03-23T20:06:45Z,13470,43696,35394,24161,27366,2591,3756,42409,4081,3466,1317,54791,1187,22065,6439,6752,5340,495
2024-03-24 00:37:41,2024-03-23T21:05:28Z,13470,43696,35394,24161,27366,2591,3756,42409,4081,3466,1317,54791,1187,22065,6439,6752,5340,495
2024-03-24 04:37:16,2024-03-23T22:05:59Z,13470,43696,35394,24161,27366,2591,3756,42409,4081,3466,1317,54791,1187,22065,6439,6752,5340,495
2024-03-24 04:37:16,2024-03-23T23:05:47Z,13470,43696,35394,24161,27366,2591,3756,42409,4081,3466,1317,54791,1187,22065,6439,6752,5340,495
2024-03-24 07:07:15,2024-03-24T00:23:07Z,13470,43696,35394,24161,27366,2591,3756,42409,4081,3466,1317,54791,1187,22065,6439,6752,5340,495
2024-03-24 07:37:15,2024-03-24T01:30:22Z,13470,43696,35394,24161,27366,2591,3756,42409,4081,3466,1317,54791,1187,22065,6439,6752,5340,495
2024-03-24 07:37:15,2024-03-24T02:13:54Z,13470,43696,35394,24161,27366,2591,3756,42409,4081,3466,1317,54791,1187,22065,6439,6752,5340,495
2024-03-24 09:37:16,2024-03-24T03:06:39Z,13470,43696,35394,24161,27366,2591,3756,42409,4081,3466,1317,54791,1187,22065,6439,6752,5340,495
2024-03-24 10:37:17,2024-03-24T04:06:35Z,13470,43696,35394,24161,27366,2591,3756,42409,4081,3466,1317,54791,1187,22065,6439,6752,5340,495
2024-03-24 11:37:16,2024-03-24T05:06:01Z,13470,43696,35394,24161,27366,2591,3756,42409,4081,3466,1317,54791,1187,22065,6439,6752,5340,495
2024-03-24 12:37:16,2024-03-24T06:06:19Z,13470,43696,35394,24161,27366,2591,3756,42409,4081,3466,1317,54791,1187,22065,6439,6752,5340,495
2024-03-24 13:37:16,2024-03-24T07:05:49Z,13470,43696,35394,24161,27366,2591,3756,42409,4081,3466,1317,54791,1187,22065,6439,6752,5340,495
2024-03-24 14:37:16,2024-03-24T08:06:23Z,13470,43696,35394,24161,27366,2591,3756,42409,4081,3466,1317,54791,1187,22065,6439,6752,5340,495
2024-03-24 15:37:17,2024-03-24T09:07:02Z,13470,43696,35394,24161,27366,2591,3756,42409,4081,3466,1317,54791,1187,22065,6439,6752,5340,495
2024-03-24 16:37:16,2024-03-24T10:06:07Z,13470,43696,35394,24161,27366,2591,3756,42409,4081,3466,1317,54791,1187,22065,6439,6752,5340,495
2024-03-24 17:37:16,2024-03-24T11:05:34Z,13470,43696,35394,24161,27366,2591,3756,42409,4081,3466,1317,54791,1187,22065,6439,6752,5340,495
2024-03-24 17:37:16,2024-03-24T12:07:15Z,13470,43696,35394,24161,27366,2591,3756,42409,4081,3466,1317,54791,1187,22065,6439,6752,5340,495
2024-03-24 17:37:16,2024-03-24T13:05:54Z,13470,43696,35394,24161,27366,2591,3756,42409,4081,3466,1317,54791,1187,22065,6439,6752,5340,495
2024-03-24 20:07:16,2024-03-24T14:05:33Z,13470,43696,35394,24161,27366,2591,3756,42409,4081,3466,1317,54791,1187,22065,6439,6752,5340,495
2024-03-24 20:07:16,2024-03-24T15:05:37Z,13470,43696,35394,24161,27366,2591,3756,42409,4081,3466,1317,54791,1187,22065,6439,6752,5340,495
2024-03-24 22:37:16,2024-03-24T16:06:07Z,13470,43696,35394,24161,27366,2591,3756,42409,4081,3466,1317,54791,1187,22065,6439,6752,5340,495
2024-03-24 23:37:18,2024-03-24T17:05:46Z,13470,43696,35394,24161,27366,2591,3756,42409,4081,3466,1317,54791,1187,22065,6439,6752,5340,495
2024-03-25 00:07:16,2024-03-24T18:06:34Z,13470,43696,35394,24161,27366,2591,3756,42409,4081,3466,1317,54791,1187,22065,6439,6752,5340,495
2024-03-25 00:07:16,2024-03-24T19:06:21Z,13470,43696,35394,24161,27366,2591,3756,42409,4081,3466,1317,54791,1187,22065,6439,6752,5340,495
2024-03-25 00:07:16,2024-03-24T20:05:45Z,13470,43696,35394,24161,27366,2591,3756,42409,4081,3466,1317,54791,1187,22065,6439,6752,5340,495
2024-03-25 00:07:16,2024-03-24T21:05:37Z,13470,43696,35394,24161,27366,2591,3756,42409,4081,3466,1317,54791,1187,22065,6439,6752,5340,495
2024-03-25 00:07:16,2024-03-24T22:05:58Z,13470,43696,35394,24161,27366,2591,3756,42409,4081,3466,1317,54791,1187,22065,6439,6752,5340,495
2024-03-25 00:07:16,2024-03-24T23:06:17Z,13470,43696,35394,24161,27366,2591,3756,42409,4081,3466,1317,54791,1187,22065,6439,6752,5340,495
2024-03-25 00:07:16,2024-03-25T00:21:32Z,13470,43696,35394,24161,27366,2591,3756,42409,4081,3466,1317,54791,1187,22065,6439,6752,5340,495
2024-03-25 00:07:16,2024-03-25T01:27:48Z,13470,43696,35394,24161,27366,2591,3756,42409,4081,3466,1317,54791,1187,22065,6439,6752,5340,495
2024-03-25 00:07:16,2024-03-25T02:12:33Z,13470,43696,35394,24161,27366,2591,3756,42409,4081,3466,1317,54791,1187,22065,6439,6752,5340,495
2024-03-25 09:37:16,2024-03-25T03:06:02Z,13470,43696,35394,24161,27366,2591,3756,42409,4081,3466,1317,54791,1187,22065,6439,6752,5340,495
2024-03-25 10:37:15,2024-03-25T04:07:07Z,13470,43696,35394,24161,27366,2591,3756,42409,4081,3466,1317,54791,1187,22065,6439,6752,5340,495
2024-03-25 10:37:15,2024-03-25T05:05:42Z,13470,43696,35394,24161,27366,2591,3756,42409,4081,3466,1317,54791,1187,22065,6439,6752,5340,495
2024-03-25 12:37:15,2024-03-25T06:07:05Z,13470,43696,35394,24161,27366,2591,3756,42409,4081,3466,1317,54791,1187,22065,6439,6752,5340,495
2024-03-25 13:37:15,2024-03-25T07:06:00Z,13470,43696,35394,24161,27366,2591,3756,42409,4081,3466,1317,54791,1187,22065,6439,6752,5340,495
2024-03-25 13:37:15,2024-03-25T08:08:45Z,13470,43696,35394,24161,27366,2591,3756,42409,4081,3466,1317,54791,1187,22065,6439,6752,5340,495
2024-03-25 15:37:15,2024-03-25T09:06:15Z,13470,43696,35394,24161,27366,2591,3756,42409,4081,3466,1317,54791,1187,22065,6439,6752,5340,495
2024-03-25 16:37:16,2024-03-25T10:06:09Z,13470,43696,35394,24161,27366,2591,3756,42409,4081,3466,1317,54791,1187,22065,6439,6752,5340,495
2024-03-25 17:37:15,2024-03-25T11:05:54Z,13470,43696,35394,24161,27366,2591,3756,42409,4081,3466,1317,54791,1187,22065,6439,6752,5340,495
